image_id,stats_downloads
2322208d63,0.0
847b5fcee1,0.0
0e1a37b065,0.0
8c8c9d4355,0.0
8ff19c3747,0.0
2dfb0adb66,0.0
703c2fab92,0.0
e7a375e655,0.0
2270d1b248,0.0
15c77f95ff,0.0
ccdd146b1a,0.0
8f9d6d83ce,0.0
db048a4150,0.0
e0d6999795,0.0
9121fb207a,0.0
a311a944da,0.0
83b800288e,0.0
37b7e5496e,0.0
1d26d0131a,0.0
a621752b35,0.0
317dd6bf6c,0.0
44f4f78ddc,0.0
a256fd5f66,0.0
78c1970c7d,0.0
49c3a801de,0.0
e3f2f28ae3,0.0
8520051a18,0.0
9c547580c1,0.0
9ee6e79b42,0.0
121b39eff8,0.0
d723766b59,0.0
378d249060,0.0
aee5a146b1,0.0
924473d9f5,0.0
c688c4ec77,0.0
b8485ff13f,0.0
2d166095c8,0.0
4f354aff7e,0.0
738f972dfe,0.0
85e0aff1b9,0.0
9b714bf8da,0.0
9ce25fc80d,0.0
953876bb15,0.0
15841bfa23,0.0
75e55b7f9c,0.0
fe46c4d691,0.0
0855d7c6fc,0.0
41b5bbcd2c,0.0
1f0352ac9b,0.0
6e79801272,0.0
c004ce605b,0.0
df038df7cb,0.0
15ba075c04,0.0
3f642fa6ef,0.0
00f5789aef,0.0
401b229142,0.0
00d6ba0962,0.0
8f295de0ea,0.0
856b2568e9,0.0
1d10eb3083,0.0
b3a6dfb92f,0.0
418b16a2f5,0.0
18b34b32a0,0.0
19d789f757,0.0
fdd5c781a7,0.0
7440024172,0.0
6796039139,0.0
938b58beea,0.0
077cca047d,0.0
2bc0001ba3,0.0
6226e61269,0.0
a286772cee,0.0
082a962b0b,0.0
29d80c1b67,0.0
c4771e38dc,0.0
8ddd2e32a5,0.0
cc21a494cc,0.0
5d47f0f6d3,0.0
2f7c408798,0.0
572c3bf526,0.0
a3fcc819c1,0.0
18a35776b4,0.0
6672f86b0b,0.0
284e3efbf4,0.0
28d705a241,0.0
1018a05559,0.0
cce0ca4fca,0.0
051fe06d49,0.0
9031c3c56b,0.0
f65a42fb52,0.0
18628f5d4e,0.0
a7e1d22888,0.0
bc635eebaf,0.0
b7300c3d58,0.0
5f0b478041,0.0
9bb3b6f809,0.0
7a19edc58c,0.0
a14c74648a,0.0
07463c065f,0.0
74b81ae10b,0.0
54e60bec5a,0.0
a5397e79e6,0.0
d984249b24,0.0
1f0ef5e946,0.0
1e004d417a,0.0
da0d337fde,0.0
5f0db70c08,0.0
41872832b1,0.0
f5c7dfa2e6,0.0
f2edec031f,0.0
3a3432d24b,0.0
c652a2b36a,0.0
0b4f8d1de3,0.0
3a0fc12f1d,0.0
a15f343fe6,0.0
3a07372856,0.0
9bc55e56fd,0.0
dfe7fcb157,0.0
1112886953,0.0
42287d7daf,0.0
6ffd016879,0.0
18a8750b0d,0.0
d1de1a738d,0.0
89d3352e02,0.0
dc13ece6f2,0.0
65b6da0435,0.0
5e39225236,0.0
bd842420b2,0.0
798a918086,0.0
086f717ca5,0.0
9cc8942c88,0.0
e887051fa4,0.0
625eb29f4b,0.0
5ff0962f3e,0.0
f6c0c85bba,0.0
e5d725638d,0.0
6bebc095a9,0.0
9440363ac7,0.0
1b20c0b349,0.0
ddf0ee09fc,0.0
000699494b,0.0
80a3c287db,0.0
4b8aa5cce0,0.0
610d899654,0.0
32a9f4f390,0.0
c17b1d9558,0.0
70ee51a861,0.0
979df3d27e,0.0
d205a35b91,0.0
68dc45bec9,0.0
6d001ab077,0.0
2d44f67df7,0.0
aa005cfb74,0.0
fb72e237ba,0.0
4ebd545435,0.0
e93a5fc551,0.0
e6d2f42d87,0.0
09e8c3c226,0.0
462775975b,0.0
c45962bcf6,0.0
a476b90a4f,0.0
a98f10724d,0.0
7b6fd03334,0.0
9465e6f821,0.0
242e04893c,0.0
403d81651e,0.0
3ed6a70859,0.0
6f61fee194,0.0
004a0f12cf,0.0
bbc0c902ff,0.0
3378449fef,0.0
68f3e2e6ac,0.0
0a8afe0a8d,0.0
7781303bfc,0.0
840f155e63,0.0
abd2964393,0.0
a31239d6e0,0.0
a79c5407e8,0.0
e9ec91057e,0.0
9444b7f35c,0.0
bfca7f395f,0.0
2f3233644a,0.0
2ee8adbdc2,0.0
749afc813c,0.0
79170ff48a,0.0
313fa3d067,0.0
7918c19341,0.0
765110c88a,0.0
30954bacac,0.0
fbe884c890,0.0
fb50b0b6dc,0.0
6e4f99a1a4,0.0
9bfec05142,0.0
7c6e9376ab,0.0
336fa9be53,0.0
9c1cda1a05,0.0
d649f100b9,0.0
02634740fe,0.0
02136c95f0,0.0
28eff556ff,0.0
a7b53df1e7,0.0
3ed57f0923,0.0
33d51491a6,0.0
9d4799ca6a,0.0
d2336646c4,0.0
80e37d94c1,0.0
117566f996,0.0
87927c526c,0.0
e449719f9a,0.0
bbc7c85820,0.0
d3ca07bde1,0.0
ff93706fc8,0.0
1c9368f6ce,0.0
ea79ea8ea3,0.0
459ae6456c,0.0
caf49c56e8,0.0
80bfb4f41f,0.0
2cbce64c10,0.0
d3fc980e86,0.0
9a17c767c7,0.0
0a1af30ebd,0.0
a497557e65,0.0
6034acb069,0.0
0a3544348a,0.0
64c4773a61,0.0
e93904050f,0.0
064241a43d,0.0
8f0369d68f,0.0
6a86f9cffa,0.0
53b89377ad,0.0
a91bf7ca61,0.0
320834cc7a,0.0
1a8c5287bd,0.0
8a2d810a33,0.0
6ec173e55d,0.0
2db40f641a,0.0
8dc47422dd,0.0
833156eac5,0.0
0be27b79bf,0.0
4a81e409b9,0.0
cbee2b400f,0.0
c646099307,0.0
1414e9419f,0.0
5b7ef80e7f,0.0
4c213b78ab,0.0
a694f893cd,0.0
dda5416e16,0.0
00d2b7e2f4,0.0
993e7a1040,0.0
9857b9a87d,0.0
92e30411f5,0.0
db3fa01fee,0.0
66aa80fdc8,0.0
c270eeba00,0.0
fcd5a3abe5,0.0
12ef5f6b9d,0.0
3e8e1a80fb,0.0
00c1f03d91,0.0
e8f85e5ee2,0.0
54c01e443b,0.0
ed70386fd2,0.0
d663018579,0.0
b73dc28b3f,0.0
28daab7d09,0.0
4e2063af3e,0.0
f9de2c00c3,0.0
a351617a5e,0.0
582fe14f06,0.0
4e6526c95f,0.0
1872a6a1f8,0.0
c7064a4334,0.0
3717d86964,0.0
dc1b6903a1,0.0
5b32a3ef3a,0.0
5e0e0a44a5,0.0
d2b8e94b32,0.0
402c09a897,0.0
8736e18e5b,0.0
5ac3576815,0.0
5e443c5a10,0.0
e104f96dd6,0.0
6e56b1f197,0.0
36c42aabfe,0.0
af2e383f0e,0.0
3c6986bd01,0.0
549837be52,0.0
210f2a2b9f,0.0
18826977a1,0.0
305494472f,0.0
4f575a7861,0.0
ee55d1271a,0.0
9dbc1a63dd,0.0
786c7f5f62,0.0
d36d83f001,0.0
61b7d97edf,0.0
ceba2a136d,0.0
a35262df55,0.0
7ebea9e131,0.0
606dfec888,0.0
93a64fc29d,0.0
56a46e8d9a,0.0
5e5e92d4a2,0.0
941835f12a,0.0
a6f5721669,0.0
51128bc2bd,0.0
9a393f480f,0.0
b19873212d,0.0
ecf256bd70,0.0
d63e8c584b,0.0
c3d8ade607,0.0
84b173f2ac,0.0
c30db66d8b,0.0
47d901a835,0.0
9d57e9534c,0.0
fc0b394e5a,0.0
a1e90eb182,0.0
0c4077cf9e,0.0
b9333a1f10,0.0
f773259b4a,0.0
a212a0b3fe,0.0
1820253316,0.0
37bf5e9e41,0.0
524cee58c1,0.0
cc8fba362d,0.0
c9d71ebea2,0.0
98d9feea42,0.0
4582bcd439,0.0
d5bd40545f,0.0
73a6309fe2,0.0
4ea47cd6ca,0.0
661673b28b,0.0
6968720c11,0.0
993ea191cb,0.0
d9ae391840,0.0
7a3a28cce6,0.0
a3d0f3c88e,0.0
9c1b7d469f,0.0
b180a008dd,0.0
8f72adde71,0.0
c3695b380d,0.0
55d1417fa1,0.0
79653220ad,0.0
92c5df9ad3,0.0
7f89fdeaa8,0.0
e26126486e,0.0
0f83953fc1,0.0
44c8ecda5e,0.0
f5d667b09d,0.0
78f59fcda9,0.0
f230cd782d,0.0
1e65ae4b02,0.0
9b391346ee,0.0
c77144d365,0.0
680908032d,0.0
f0aaf52cbd,0.0
0dc9596eb3,0.0
5f98791e49,0.0
d5df3060ff,0.0
6b523287cb,0.0
051767cf72,0.0
c0e9bba193,0.0
0f2159b6a9,0.0
b778152e1a,0.0
7ada99d231,0.0
6980482f0a,0.0
37421030e6,0.0
0f9a2143ca,0.0
6df10177f3,0.0
273dab8574,0.0
36aad6c2d8,0.0
05be23fe63,0.0
eb194ffb6a,0.0
302148d6cf,0.0
880e9cf9f7,0.0
3f96fb5774,0.0
b81d16a2a0,0.0
c048a20b05,0.0
1a3d929372,0.0
cc2595bb45,0.0
46bb6a59f4,0.0
36b0ec2334,0.0
86e61334e9,0.0
22b7dc20e5,0.0
304dcc21a5,0.0
c9f5719c2d,0.0
7069562085,0.0
77508f0f30,0.0
402593bef5,0.0
c351bf4987,0.0
4921349275,0.0
ce5e70df0c,0.0
45b8d1036e,0.0
62975810a2,0.0
d296089e25,0.0
97e89e8f93,0.0
56c72f2d4c,0.0
f8282b9553,0.0
3146d8f1ba,0.0
74513849e5,0.0
c454b39950,0.0
88d659e1fb,0.0
7993f3ac79,0.0
1b2ddb5451,0.0
7643d2ef9c,0.0
3f6a517dbc,0.0
e994ce6a12,0.0
2ba0dcfba3,0.0
8910a40e17,0.0
2aa9c940e7,0.0
b7f78c6727,0.0
e8caf5f10e,0.0
500225fca1,0.0
dde4c4428a,0.0
6993970587,0.0
b606b1d77b,0.0
9e24a9d981,0.0
957d82ed92,0.0
8148a6b403,0.0
147d9a648a,0.0
ca4872f9e3,0.0
e12a723cc0,0.0
54cf4b06d5,0.0
6c0b66a8af,0.0
5f6223404c,0.0
cdf1087282,0.0
9fa7eaa407,0.0
4427b9048b,0.0
f58fb7a2ed,0.0
2c185576d2,0.0
e8129c808c,0.0
65bd217df2,0.0
d9e0036816,0.0
5fdbf90104,0.0
2fd12d710c,0.0
e8d6ff81cf,0.0
94a46be9ec,0.0
75bb6335d8,0.0
659d0b956f,0.0
a18580095f,0.0
299e19aa7e,0.0
2609194c9c,0.0
78b5d24880,0.0
aa62de913d,0.0
1ed164e364,0.0
60a03870c2,0.0
3aa86cff25,0.0
ea8933425e,0.0
4a0103a7ed,0.0
c1ba63ae6c,0.0
320db20417,0.0
4c453863c2,0.0
1e39c07ffd,0.0
eb167b1670,0.0
d426bb4f31,0.0
2276c34cad,0.0
6576842ebe,0.0
90f6fb49a6,0.0
dfa7c5b55f,0.0
dc7f61582d,0.0
03f21ba545,0.0
4482c211c9,0.0
95768d1132,0.0
10d1525ab5,0.0
43091e2752,0.0
fa43f20b53,0.0
73b54b4786,0.0
ded1d4033c,0.0
5cb92be9a8,0.0
687dfa9190,0.0
9939a40060,0.0
9f152801d7,0.0
c8680ac271,0.0
63fbb93651,0.0
91ef8fc505,0.0
20b04b2642,0.0
e494336281,0.0
6ad25d9735,0.0
847f26af4b,0.0
5fba39478f,0.0
ddc1395f7b,0.0
372d7ca57c,0.0
aa31292c9f,0.0
78affecb10,0.0
a5c6791ab6,0.0
f999af4683,0.0
acff10b6cf,0.0
6a38722c1c,0.0
3ad6c5d82a,0.0
15db8f77f3,0.0
663000dec6,0.0
c8c9d2efce,0.0
2e62b23729,0.0
a41b1af12a,0.0
62135fa669,0.0
d0a05ab5d4,0.0
0a765f0163,0.0
6c68ad064e,0.0
28b8fa758e,0.0
81594a0d51,0.0
e0058555c5,0.0
abdb458522,0.0
b7b7609429,0.0
9592da6d19,0.0
ae0c5843ce,0.0
32c70c9d16,0.0
f4b5b54eb2,0.0
a496dcdd86,0.0
1387024f4c,0.0
5805d58f70,0.0
ff6c88f13a,0.0
6192b84f7b,0.0
69bd980646,0.0
8d7af99056,0.0
9974f3bcd6,0.0
628366127f,0.0
3b27e25b38,0.0
431a3e2a4f,0.0
3c757e48e3,0.0
d6a33fbb24,0.0
6f49012d99,0.0
66de4df842,0.0
a2a2bf1fc1,0.0
f39069afa3,0.0
12ad462dc5,0.0
f0e2244e2e,0.0
1d8e251271,0.0
ff9a103a96,0.0
5940e457b7,0.0
4d739b1ea7,0.0
b379d1e3f9,0.0
cc6185befa,0.0
fef57b37fd,0.0
663428a962,0.0
46143b49e0,0.0
07e1f527c5,0.0
43e46e7355,0.0
ca78e4db7d,0.0
c118fc3ece,0.0
f3d4bc2734,0.0
f43cc3548c,0.0
c0038a683c,0.0
5877c49779,0.0
a206e7a683,0.0
16a509792d,0.0
4cbdcda806,0.0
4939137b21,0.0
9da467e633,0.0
3f3ab12e08,0.0
08d08ba712,0.0
d37c8efa9a,0.0
c831846e3a,0.0
bd008221af,0.0
9156c4941b,0.0
8bf606e196,0.0
b0f5b529db,0.0
57d065bb64,0.0
0b17fcc96c,0.0
189f12f7d3,0.0
347a80a9fb,0.0
b7ccea6aa3,0.0
fa56830caf,0.0
b8c1d8b8d3,0.0
faf63c22e4,0.0
0b2d5d5bd3,0.0
755471c577,0.0
445097511d,0.0
5e55e42373,0.0
02927db65e,0.0
0c5bec581f,0.0
2675c554b0,0.0
a1044d5cc9,0.0
381568b3ef,0.0
7dfe4f81ef,0.0
70bab54da0,0.0
56d82b3999,0.0
6de826369b,0.0
c977d33bd0,0.0
b45aecb5b4,0.0
7ed9225ab7,0.0
4cb7f8102c,0.0
e3ced79c13,0.0
9a3fc9255d,0.0
54c81b0bbe,0.0
c23deaf304,0.0
9517dafcf0,0.0
26cac1c982,0.0
1cc0c9b582,0.0
b547be784a,0.0
9f756fc8a1,0.0
ac7b8c63f1,0.0
5a41672f52,0.0
465b2ce4cf,0.0
f3117dc06c,0.0
618157a23d,0.0
ec68934a5f,0.0
16ec600cc2,0.0
60d0d033d8,0.0
cf2653bf29,0.0
52668eaa85,0.0
2355df721d,0.0
ef7a890d2a,0.0
8a3cbc0c2e,0.0
dab4042b20,0.0
53c9fa152e,0.0
c420c7b9e5,0.0
57afa266b9,0.0
cae169fc72,0.0
3ee7fd4a56,0.0
70e95a37f0,0.0
f8a1e5793d,0.0
9ba98f9254,0.0
613117cdc3,0.0
b6be718b87,0.0
40b1a58f4b,0.0
f087394b51,0.0
8dfdc7ef84,0.0
3fa6b94af1,0.0
436aedf565,0.0
15042b5f5d,0.0
e43f32c6f6,0.0
a33def8920,0.0
741ba3acec,0.0
34356d2c67,0.0
e567cda59f,0.0
1c84beceeb,0.0
3185f2c362,0.0
faa52b7a12,0.0
a04dbc6b94,0.0
39ad6814da,0.0
e6b02c96bc,0.0
85725939d1,0.0
9c52d89430,0.0
4bddb489ab,0.0
8bcc474d49,0.0
09339f3929,0.0
04bb121bc7,0.0
e27499c1fb,0.0
b9f9552039,0.0
f6b670f910,0.0
f63226f540,0.0
712d160245,0.0
9ae78e9da9,0.0
88bb04788e,0.0
490dd86d68,0.0
8454c64c3b,0.0
070686a5f5,0.0
5dad967551,0.0
2e387507d4,0.0
0bc4494b08,0.0
e459f28411,0.0
3bfec77d55,0.0
5896c17abd,0.0
3414d81752,0.0
fa6fd5f5a0,0.0
80e00f9637,0.0
927bf972bb,0.0
d88e1d6a91,0.0
d825fe48ff,0.0
c64a2f93de,0.0
5707a4b65e,0.0
a301b05c9d,0.0
c9469a22ed,0.0
f471c9d8ca,0.0
f774fa861f,0.0
0a9370d499,0.0
dcf8990326,0.0
6c61cbd5f0,0.0
a4bec61cb8,0.0
4e88bdebbc,0.0
6d8b5736a3,0.0
342280f599,0.0
9d07ca8176,0.0
c8e813686f,0.0
b46a5070e6,0.0
d9d6a2430d,0.0
ce0296eef1,0.0
d1b0a2e77a,0.0
e967302847,0.0
779fe8c401,0.0
fb3e8a8720,0.0
4c25f412cb,0.0
50adf4f416,0.0
79df22fcfa,0.0
616726c163,0.0
ccc8c4f959,0.0
0f2cb77897,0.0
7f8f38ee98,0.0
6df03b0c88,0.0
a5ccda0100,0.0
e7361e45a8,0.0
11b3dd1f05,0.0
8f0e27afeb,0.0
50fddeafc0,0.0
4f75b80f09,0.0
cb76e0ba23,0.0
8947326f58,0.0
b44972a250,0.0
397ed421af,0.0
986d0ec172,0.0
7e6d9ef77b,0.0
6883cfa964,0.0
3fe2d55efd,0.0
1c22e10be5,0.0
0cb35bd8fc,0.0
37b8732004,0.0
76bf447f80,0.0
3fc0d52ea3,0.0
719ba137b4,0.0
f4e11afead,0.0
6804201e19,0.0
61943dbac3,0.0
5ef79aa4a4,0.0
256b380ee7,0.0
5e662702a8,0.0
1797465b19,0.0
a85e6eee95,0.0
b5097dcec4,0.0
a5c56563a9,0.0
437677611d,0.0
70d80453d2,0.0
1a52e6f93a,0.0
6a249022ad,0.0
1203de5e7c,0.0
c84c4dad92,0.0
0b38f2e191,0.0
62bfac2eb2,0.0
6bda543c18,0.0
9d79e537ac,0.0
577c970884,0.0
fafed88a8d,0.0
ae8951dc48,0.0
83eb6f8d41,0.0
6b2c87283e,0.0
b624f2b3dc,0.0
359f717d4e,0.0
476d7b596b,0.0
64a3252168,0.0
125c9b33fd,0.0
5dd706489e,0.0
36e7e5d074,0.0
14cbe38b4b,0.0
f5ada44e96,0.0
501e8107db,0.0
3dd235dfc6,0.0
f1cc44efad,0.0
01fed0e954,0.0
1f9f850022,0.0
65babbde75,0.0
c0d5189e36,0.0
4ae25a709e,0.0
fa92a35458,0.0
5ab5b8cb5b,0.0
172d3c3bbd,0.0
3f3665b6ab,0.0
67859a8120,0.0
7f1652567e,0.0
cdd10c5177,0.0
d882362017,0.0
c926b43caf,0.0
de1713dcd8,0.0
6e8c0f88ed,0.0
a1f954ee57,0.0
52c8694c89,0.0
33070888e0,0.0
df780abf48,0.0
64203f05ba,0.0
2ac9562f38,0.0
2c42d3abc6,0.0
4c777523a8,0.0
2a8b2cd685,0.0
10664de39b,0.0
b8a779f5fb,0.0
d39af4e63e,0.0
4391001f8f,0.0
17e8877338,0.0
fb88045274,0.0
b05ac81dda,0.0
dc7a43c110,0.0
3a1250048c,0.0
0d483027ba,0.0
76c6daa88c,0.0
60a84267f8,0.0
f4794be92b,0.0
1017a607fb,0.0
4a637a449a,0.0
a2720b019c,0.0
63cd438424,0.0
5052a43899,0.0
f7201b964b,0.0
e9b9fb9379,0.0
f9f6207841,0.0
8dc31905b7,0.0
5fa5b65d70,0.0
5f73f0e985,0.0
2b9a48a52c,0.0
5518920404,0.0
797c724fe8,0.0
fa9f0f8458,0.0
d5176d7146,0.0
725d73beaf,0.0
e1c242b65a,0.0
e1e49808bd,0.0
65affa4406,0.0
b80319c6b1,0.0
4ca20a079d,0.0
9efcc0bd03,0.0
4d5d68728b,0.0
3752d07c9d,0.0
daa3cfc0f9,0.0
3a1adadbe1,0.0
f9de03c718,0.0
05354617f1,0.0
35cd036fa7,0.0
efb1e6772b,0.0
f56ed14d70,0.0
fa1adbbecc,0.0
4b9fc4a7ad,0.0
d30f29f5d4,0.0
7b5ba97faf,0.0
7ee4cbfb98,0.0
d7c4f4ccbc,0.0
97fca8b6cf,0.0
43400d9297,0.0
db37b9db63,0.0
e7c3331805,0.0
b0fd8d48fe,0.0
d8e5e8e4b3,0.0
7f5e8a8d85,0.0
5e9e4b5f95,0.0
b066c66a64,0.0
8c4e191b50,0.0
5e4e18fe37,0.0
f4d0f8e5ce,0.0
68fe30dc22,0.0
7966339546,0.0
8cda8e523d,0.0
0ef1f90230,0.0
fa9b7f9e8f,0.0
5092ba3add,0.0
8f8dd9b156,0.0
f8f0296397,0.0
8c82c624d7,0.0
100dc80c69,0.0
bf58e46bd3,0.0
c8f19fe827,0.0
1bc2434763,0.0
b19d11a187,0.0
0044f3cb61,0.0
669e218f6c,0.0
3312001e4a,0.0
02c45a605c,0.0
d4fc29736c,0.0
393c98eeaf,0.0
c472e18bea,0.0
54709dd886,0.0
1d171c8254,0.0
944e6a4bc6,0.0
a77f3aee16,0.0
cc17dd5c6d,0.0
42c7ceee8e,0.0
bdcc0fb5bc,0.0
4c8fb3488e,0.0
c287f68ed0,0.0
af0616c3c0,0.0
5bbfba0f2c,0.0
9070bac422,0.0
9e5ecc3775,0.0
e0b7409809,0.0
1eca7d26e3,0.0
7d61d01481,0.0
29e3af6569,0.0
2de526d778,0.0
15b71c741e,0.0
6f15eb0be7,0.0
299d53a91e,0.0
11096733c7,0.0
8c2c97141d,0.0
9a95341696,0.0
602028b307,0.0
fe5fa46632,0.0
efc44622bd,0.0
bc99fd099c,0.0
7e2272e8db,0.0
a7868df223,0.0
b36a29ecad,0.0
b0b851144a,0.0
e2f3e34ded,0.0
9113994d62,0.0
81753ef6ab,0.0
fe84d571a6,0.0
54b45286b3,0.0
1e67a1b793,0.0
44e08a0c4e,0.0
56d2917246,0.0
bb38b9a059,0.0
02b8951811,0.0
31c26cf5b3,0.0
1fb025e9de,0.0
7577f943bd,0.0
290364c2fa,0.0
5ba15d527b,0.0
8c969a4ca8,0.0
708e54556d,0.0
b9b3b53c2b,0.0
49257e5d41,0.0
1479a90f9a,0.0
213227519b,0.0
6d626e9b44,0.0
fcb0bcff90,0.0
e3dbf35be7,0.0
7d69ca7149,0.0
149294b160,0.0
7b67bf799c,0.0
a37361d93f,0.0
1a2614943c,0.0
4238c978cc,0.0
b68a170d6f,0.0
0aaad0246c,0.0
a1cb6ff1d4,0.0
9b08cebdb7,0.0
5d737c18fb,0.0
393cf01f30,0.0
4b459b93bd,0.0
1c2f52a10c,0.0
785f65cde5,0.0
464fec401e,0.0
4075ea2d50,0.0
114475cf9e,0.0
d590602771,0.0
65e97254d9,0.0
bdb56e02af,0.0
cdb9760f18,0.0
4685c9aacc,0.0
7bf32d8a62,0.0
62565428d3,0.0
3d4914898c,0.0
cfa744a000,0.0
a0a2c727ac,0.0
9c996e514f,0.0
93bb7b4b0c,0.0
2ee416dc1c,0.0
3d30af42ca,0.0
f01676bfbd,0.0
ac2272a9ea,0.0
ed5f05749c,0.0
9404e9ca51,0.0
12e43a3b15,0.0
29fe368203,0.0
c217b233d9,0.0
70c8a02c0f,0.0
a4904c8c4c,0.0
6f9ca9b62f,0.0
38d0b3af77,0.0
d4d8c1695c,0.0
50a6206f07,0.0
f0e478dba9,0.0
9b18183b25,0.0
05fe7bbd5d,0.0
44ab0155de,0.0
0fddf8ad99,0.0
3c5e8de4f2,0.0
b284d97ca7,0.0
595cee4b84,0.0
1b756df722,0.0
0ef93641e6,0.0
ad5f2634b2,0.0
bea8dc7487,0.0
563eda4f09,0.0
35b988eca8,0.0
89531d1d89,0.0
88661008c5,0.0
439f5857e7,0.0
67c8c90c23,0.0
cfa32834b1,0.0
c0e0ef8960,0.0
d51dc80879,0.0
0d836d340c,0.0
fef77f8abd,0.0
79994b7f37,0.0
2a74c5c2e0,0.0
c5fa96c1ec,0.0
8134535c84,0.0
9f5bc160a4,0.0
cdd32e6bbe,0.0
b33357c77a,0.0
e72f4616fc,0.0
bb1a75ca8c,0.0
89a9cde232,0.0
679a974325,0.0
ac5a5cc02c,0.0
694253dda2,0.0
e8109c58b0,0.0
8c51bd8d09,0.0
f68fdf6d00,0.0
318488f14e,0.0
08f4765556,0.0
9bd26e87da,0.0
6a3f1c675f,0.0
8fc3a854ae,0.0
846316e1f3,0.0
47f548f752,0.0
6286f5348c,0.0
92a1f8f072,0.0
3c60a746de,0.0
ad5d3e04cb,0.0
931d793af7,0.0
5956268fce,0.0
5346cc66a1,0.0
dce0a2398a,0.0
2849000ed2,0.0
8b2ea60c6c,0.0
67c05f313d,0.0
f69ff18746,0.0
ac2436ab6f,0.0
273ad4ae26,0.0
f1e589448c,0.0
918300921c,0.0
ea2ad45db6,0.0
16d5c0c896,0.0
7c2ef41d92,0.0
aa07f6ce9d,0.0
6cfe1bd230,0.0
ed7d37a907,0.0
6a3c924c1c,0.0
80c17696d7,0.0
ea5a854138,0.0
c0b2884640,0.0
f017e28065,0.0
6cbd875f16,0.0
9b4d7a7e88,0.0
63d37528a0,0.0
e557e74640,0.0
6ae3e798a6,0.0
199a6ec00a,0.0
5952b63cec,0.0
2d54b79df4,0.0
b5f2d3e4f3,0.0
88259678d5,0.0
df12c340a9,0.0
aa2b271034,0.0
ae28023220,0.0
594944f74a,0.0
741de58cab,0.0
f2c9794f0a,0.0
a62f280a69,0.0
1de74bdbb3,0.0
623fbce7ce,0.0
4d1378a4d3,0.0
a6d6d3e180,0.0
d1d0251803,0.0
d6f701ad82,0.0
e38e650531,0.0
91dad62120,0.0
bdf071e785,0.0
68acbe545e,0.0
04922614fc,0.0
81c8cd7a9e,0.0
f9780ad7f3,0.0
ce0774a9fc,0.0
c83f882573,0.0
16e6812e9f,0.0
e01daf1b7d,0.0
d2c45e5d81,0.0
e0d00106c4,0.0
57bb9aad40,0.0
70e1c6533a,0.0
a9e22a70df,0.0
0218cbf75b,0.0
1bd81a31ce,0.0
80f15b30ad,0.0
25e1724842,0.0
bf687229be,0.0
b0400f30b2,0.0
a0d4815c02,0.0
55bf1a9268,0.0
44d220ba9b,0.0
69f5533e95,0.0
ecc449ce57,0.0
ea93b7f14d,0.0
2c8c190bf2,0.0
932de51ca6,0.0
c3809dd631,0.0
d02cf1f03c,0.0
69dc6ba9e5,0.0
6ca0421ab4,0.0
cdf386da6d,0.0
8a5378cd48,0.0
82d14dc028,0.0
f094bff62c,0.0
9ff1e16b15,0.0
f47305fdba,0.0
4e164100cf,0.0
6c67c37f78,0.0
7243dc07bf,0.0
40bc0616d4,0.0
651f4c65dd,0.0
801c508f58,0.0
bf344296db,0.0
5ede991431,0.0
048a009156,0.0
5ae0a9118c,0.0
a5f93ae3ea,0.0
792f97e8bb,0.0
e4fffddfbe,0.0
46f469dd34,0.0
34c9f5f430,0.0
6a2a792717,0.0
5341255c49,0.0
fbb7fff0a8,0.0
d2e413184e,0.0
2133dff422,0.0
40fb8a8efe,0.0
1e935e9199,0.0
99e209b5b9,0.0
7cc8ba6a43,0.0
d7e297f3d8,0.0
59ee84af66,0.0
61aae4a78a,0.0
73b08ec747,0.0
66ad3cd304,0.0
08b62ee045,0.0
24a6929926,0.0
3b620f9271,0.0
4860ae8472,0.0
52bf94b415,0.0
f11bccab4d,0.0
185fc8bb7e,0.0
eaea98192e,0.0
8147fd08ce,0.0
ff74ab5269,0.0
f2be502f84,0.0
1702ab1eee,0.0
00b3b0da0a,0.0
ccc7b411c3,0.0
45c0b7518c,0.0
f468b5e663,0.0
6575ddb84c,0.0
26604a692d,0.0
fdf1674db0,0.0
39f6e97c19,0.0
aa90824f3c,0.0
d5f86e1d46,0.0
a321981bc0,0.0
0bdf69fec4,0.0
7e3b5854b7,0.0
cacfce0fcf,0.0
3724883db8,0.0
748ca64f9b,0.0
2cdfa269ff,0.0
015e0fe83a,0.0
d0d1650f63,0.0
72864c35f1,0.0
9d05b8e5ac,0.0
1853990495,0.0
524c66f46a,0.0
8250924fe6,0.0
909e4a87bc,0.0
3879e8fff4,0.0
e01a2ff468,0.0
ee4b254f32,0.0
54cbd124c6,0.0
6c737f7a65,0.0
b2e86e0045,0.0
8b3ec2aca9,0.0
64ec0aeb58,0.0
90b4bc1b2f,0.0
00a57731ec,0.0
0511ae897f,0.0
be6ea1d133,0.0
0ab1e642ff,0.0
456a32168b,0.0
10d9a0d4d5,0.0
524189f38b,0.0
ed2d274759,0.0
48913a1841,0.0
58c4e76cdf,0.0
ca904b2a5f,0.0
f65b852b5d,0.0
4c88a33086,0.0
b2093698cc,0.0
8670406b4a,0.0
79bfe6546e,0.0
233f2d29fb,0.0
bc5606d6c9,0.0
79871b1e9e,0.0
3106317e16,0.0
5c9c6b05aa,0.0
7258d9d19b,0.0
9f7d2ce3f4,0.0
b205682290,0.0
650d398aa8,0.0
b6d29740f3,0.0
6d989035b8,0.0
73cf0dfaea,0.0
5c37f50daa,0.0
51bec405dd,0.0
99439b7f60,0.0
f64ee3adf0,0.0
b2cb93cc2b,0.0
e8f02ce933,0.0
65e15b977a,0.0
b9d3407b90,0.0
5c5815c1db,0.0
5661e53c6f,0.0
dcbcdfeb15,0.0
57308f1222,0.0
6664d3d4bc,0.0
67b37697c8,0.0
05016dbc81,0.0
9595dd1925,0.0
54d5bdea49,0.0
047175196a,0.0
223edd7f11,0.0
f100a07c1e,0.0
dead35517e,0.0
77ddd43bfb,0.0
03caa46bd1,0.0
3c1e4dbc3e,0.0
11268a90e3,0.0
fce2e438b4,0.0
1d5db35ba4,0.0
f2662c13a4,0.0
ad4d6d5638,0.0
b4b848f44a,0.0
8753c33b22,0.0
df9d4c739c,0.0
c70516639e,0.0
edc6a597f0,0.0
1b51f8114c,0.0
a22649d794,0.0
95b9756588,0.0
0767e8fad0,0.0
7c420df6e2,0.0
d93914d255,0.0
6575935efe,0.0
070e761b7a,0.0
9a504a4a35,0.0
6ac9b0238f,0.0
9504cda641,0.0
3eda490e98,0.0
c5830f8974,0.0
99b0f89e39,0.0
12da34e56c,0.0
b5a360e8fe,0.0
ecd7748779,0.0
2790f04fdc,0.0
44d938f1a8,0.0
c391a9b6c5,0.0
553ed23b88,0.0
bac405e3e8,0.0
47e20a50a9,0.0
d1a792e71d,0.0
0bdfbb7203,0.0
851d8e7b3e,0.0
6c48615a30,0.0
5064de9ad8,0.0
770c7de04f,0.0
14fe5aaf1f,0.0
950e322342,0.0
2e39c428bf,0.0
20ce810a1d,0.0
d494ed4e46,0.0
cb1b4dd6de,0.0
5d4d1ec4c6,0.0
e754eaf256,0.0
bdbb938c80,0.0
b86b0bfe1e,0.0
dcc3a0a4fa,0.0
baf42e64c7,0.0
7318b50ce3,0.0
9b3aeaf11b,0.0
492b7a8702,0.0
49b8c9ecfe,0.0
54c46134fb,0.0
e3580bac17,0.0
872998256e,0.0
30214cdc4a,0.0
6858280e5b,0.0
3b57ee7de0,0.0
a0d4ee415c,0.0
e24ca2955b,0.0
0278aa0d0c,0.0
8a1fa5a7b1,0.0
28c8106608,0.0
fae827f3ef,0.0
ff3fd8436b,0.0
3406ad2e19,0.0
121cb7818c,0.0
83a9dc65d9,0.0
f9f76bc8c2,0.0
2f58201334,0.0
e64e036fd2,0.0
261b7f652f,0.0
13a55a275b,0.0
3fdf2b72c4,0.0
6de0176737,0.0
0615351391,0.0
8b34c2e2e9,0.0
364348eb3b,0.0
7afc5f09c6,0.0
13f306ac54,0.0
fa1d2e2620,0.0
fb1bed2ea8,0.0
f5d22b6819,0.0
162f0518fc,0.0
d28e798fc9,0.0
0a91787ea2,0.0
308935c497,0.0
17a402eb1c,0.0
ef26706b31,0.0
98a03909e3,0.0
a8c411d1f5,0.0
701d42034d,0.0
6dcad5d0f6,0.0
ec70c60559,0.0
a1cc89d5df,0.0
3ef17919b4,0.0
08f1852c3d,0.0
f16eb9cb64,0.0
15afa17a4a,0.0
9a5b38a448,0.0
1ee4d64e85,0.0
fefa4e4f49,0.0
125d7b8848,0.0
52e9b0ee20,0.0
6e4f686acd,0.0
ffa6730e98,0.0
e8dba4f56a,0.0
9f7bad4983,0.0
0b29639620,0.0
d069bffe80,0.0
7345a7e567,0.0
e62c411b69,0.0
5634bb3457,0.0
c6cbeb5673,0.0
5c6a1d86cd,0.0
4ba031898a,0.0
8d43ad1b2b,0.0
21e2922bd7,0.0
39d06a6812,0.0
db27d0ebc8,0.0
bc0cc5cdad,0.0
79613e2964,0.0
2051de468b,0.0
4fea03825b,0.0
ea424b668f,0.0
e1703bbf03,0.0
8655e7204c,0.0
de724939ec,0.0
0b3ec745d9,0.0
9255d63247,0.0
87875958c5,0.0
a6884a2f05,0.0
56890a1a17,0.0
9cb2d2f7ca,0.0
225eff446b,0.0
b47f7d5492,0.0
b7d65efed3,0.0
ace90b1701,0.0
8dea967cfe,0.0
561ae7021a,0.0
7b065fc92b,0.0
bcbf45c082,0.0
f419513c47,0.0
6c49a4bc33,0.0
8d59afba98,0.0
383955e364,0.0
684b3037e2,0.0
12ea03836f,0.0
0fc715f1bd,0.0
56523f9eeb,0.0
3402b8acb2,0.0
c3645801d4,0.0
1be715c478,0.0
400df20a98,0.0
805c7b7104,0.0
cab9bc21b3,0.0
f29b7d9e94,0.0
8de83807ab,0.0
0120562f90,0.0
b3358845a9,0.0
710686af5c,0.0
26f8851ac1,0.0
205b366478,0.0
e88e185c37,0.0
a089f2c2af,0.0
8aafafcb9a,0.0
2cd59f2228,0.0
4166610403,0.0
db2e6f2ee7,0.0
d94ed85199,0.0
f9da799f1c,0.0
707efaf694,0.0
a58484781a,0.0
cc661481a3,0.0
4763f24343,0.0
872df3718b,0.0
76f94c254d,0.0
e2b27244e9,0.0
06eba719f0,0.0
fb1991fc42,0.0
72712717b4,0.0
8a04a4882c,0.0
b3cfc87aac,0.0
5b6362f920,0.0
e9b3f211cc,0.0
417a2b3e2a,0.0
efa7769932,0.0
b209e9308e,0.0
36b517dabd,0.0
eb13ee8964,0.0
28a706e6b9,0.0
2aad749c09,0.0
28a54e0628,0.0
038a309af7,0.0
33f7414611,0.0
aabcc12dfc,0.0
227707e28b,0.0
4d4128cd6b,0.0
b6242609b6,0.0
fbdd7f59e6,0.0
479359d3e6,0.0
81046a0c2c,0.0
f609536306,0.0
8eafe1b070,0.0
ed39141202,0.0
a6bf6baec9,0.0
169835b5d7,0.0
fe55e0703c,0.0
7f172a1f3b,0.0
cf119c5b6a,0.0
f31acc0834,0.0
b8f6acac7a,0.0
cb91a743d2,0.0
ddfa023f7c,0.0
8158ac36fc,0.0
f7add70154,0.0
40d0403061,0.0
59ddde5a7f,0.0
73d87c3a3a,0.0
66f9df63c1,0.0
d53f075c07,0.0
2649811528,0.0
c61790d620,0.0
041c62eab6,0.0
954d470d32,0.0
e6dd13f75d,0.0
4338ddd612,0.0
f12f43b332,0.0
1d28746beb,0.0
9bd123c961,0.0
12de483850,0.0
d1f3648b12,0.0
23d0e5e8a8,0.0
769dd07f2a,0.0
b9b105fe1a,0.0
a2c46eb515,0.0
b1811a242d,0.0
4b1514b7a7,0.0
9ef72f2a9a,0.0
7f2aec1641,0.0
5e81f4f7a6,0.0
3512072a91,0.0
23491e487b,0.0
56731855f9,0.0
a053bb6030,0.0
7759082c34,0.0
b2670deb19,0.0
90cc42afb7,0.0
fe80f26bd7,0.0
c467cc4c42,0.0
6a071f4261,0.0
b0476c67e9,0.0
dbc84f9f4d,0.0
52075cae7f,0.0
3f184a8497,0.0
9ca714f42e,0.0
57937b8a33,0.0
d5bfdeecc7,0.0
a5e1bda48b,0.0
c6205d02c9,0.0
83bd7485c9,0.0
bff680c9e5,0.0
ddb5866a17,0.0
5c82fa4138,0.0
d63ffcb99a,0.0
5177f25ef9,0.0
5639bae737,0.0
2d955d2048,0.0
d5543ce239,0.0
915be96c5f,0.0
66ce918f99,0.0
6b5f6f7a22,0.0
ee4b828187,0.0
f523bd46d4,0.0
eb0ad1ed16,0.0
3a4bbedb52,0.0
5e9cffb020,0.0
b417f8a832,0.0
46a51e0c22,0.0
567abfd64f,0.0
8b73d731f5,0.0
330c8291d4,0.0
d11bab6968,0.0
6e745bafeb,0.0
be960ce12a,0.0
2559ef69fa,0.0
66dda555d2,0.0
648bca3a86,0.0
5929293a3c,0.0
c3e33dee5c,0.0
86f982f6f4,0.0
ce1ea5a359,0.0
d60077ebae,0.0
6fac5ca45e,0.0
73f2556524,0.0
ebd5b99e74,0.0
d102eba39d,0.0
ee51b6ecf8,0.0
06bc3efadd,0.0
98c8fb295f,0.0
f020f23bd9,0.0
41990708a7,0.0
04d42c22db,0.0
9788af6ad3,0.0
fba01445ab,0.0
d9d3ced9fe,0.0
16799957bc,0.0
40c27a22f7,0.0
8f264e336b,0.0
92d43841ee,0.0
d94cae3062,0.0
4f7e1f28e2,0.0
838d4c5636,0.0
7b2306137a,0.0
186f44c834,0.0
6d039bbc31,0.0
4c5aa94614,0.0
8670aa6d8b,0.0
9005a1dd14,0.0
a94a973d1a,0.0
0f6395c184,0.0
d33b04dbfc,0.0
bb64d9a16f,0.0
80edd6cf60,0.0
b95b0f011b,0.0
1866c373a0,0.0
2548e5b61e,0.0
a268b6efc4,0.0
1ca7414486,0.0
051ec8ba32,0.0
17ad1aa279,0.0
39862f7c48,0.0
a6a27e7b3a,0.0
dce4678e1b,0.0
1913dedd32,0.0
afd3512411,0.0
70f1f0f135,0.0
efb2a704f1,0.0
c344ae975f,0.0
2d286b82a2,0.0
737db3a344,0.0
7927576e23,0.0
f6c2c064bc,0.0
081e078ecf,0.0
9e97dc02bc,0.0
8b60845161,0.0
f88682fbe7,0.0
f2ec0759c1,0.0
77864f57bf,0.0
2de97e1a36,0.0
cef474ab7b,0.0
b91e621a61,0.0
f9306f2fb8,0.0
c78a80b1ea,0.0
d72a1e5896,0.0
e6faa6b90f,0.0
96e5b12af0,0.0
c53a126ab0,0.0
3dda7104b2,0.0
6ead958dd9,0.0
496296fd51,0.0
006cb92f08,0.0
443e4d4715,0.0
2bee3740f7,0.0
bb317f54fe,0.0
e1376ccaae,0.0
709d5523f6,0.0
af1e08e0db,0.0
634688bcce,0.0
99ed140550,0.0
ffc4a5b0e4,0.0
8e79d5647c,0.0
09c588ada5,0.0
d5c19e45d2,0.0
c63a7a9bf6,0.0
818802e002,0.0
b557119662,0.0
1cb60b8137,0.0
af84622eda,0.0
881f142809,0.0
5b50f700f4,0.0
927157b3c4,0.0
13ab251eaf,0.0
89e1811296,0.0
72bb71e079,0.0
56a52a7ac6,0.0
dd79ec74c5,0.0
6cbe2786b9,0.0
a3c811ab34,0.0
e2b1096e48,0.0
225d9421b4,0.0
a09ef66423,0.0
c810a98a67,0.0
3de18a3d7b,0.0
aa9e51f599,0.0
8bd6dbc416,0.0
817c877f9a,0.0
835bd481ad,0.0
b6f5c9bf6c,0.0
d0b28bb39d,0.0
a4432bdf71,0.0
bc8ee4985d,0.0
20da136c97,0.0
7b06eb9ef4,0.0
2efc907043,0.0
6369c75378,0.0
e890c7b49f,0.0
62682979f6,0.0
b433a9bb7a,0.0
2b7a8a9d2b,0.0
dda36bf724,0.0
915d187fd5,0.0
33f1ee8075,0.0
d1d2dd145e,0.0
200bc193ef,0.0
9f2d366792,0.0
2b4e2e03d7,0.0
27beb2b6d8,0.0
be6092afa7,0.0
8ab02cde47,0.0
81bc4b1995,0.0
395b83987f,0.0
a944eb1f74,0.0
287e8a0702,0.0
e19d359d43,0.0
3715c6d129,0.0
6bf54f7332,0.0
59dc65a612,0.0
38fef9fc77,0.0
dd6e80f5d9,0.0
4db7f056c7,0.0
bb85ce5e9f,0.0
d8066d9909,0.0
0f51b740a9,0.0
bfff88dd46,0.0
66e726f7a9,0.0
6c14b2f2dd,0.0
d33f35a1f8,0.0
26976e5932,0.0
779688a9d9,0.0
7b75002914,0.0
c25c125795,0.0
f3eef26187,0.0
ef710dc4aa,0.0
3eca4f2126,0.0
1b247d249c,0.0
4ad8705520,0.0
ab99e54902,0.0
0d1e16af7b,0.0
955c347825,0.0
fb088be43e,0.0
100abacaaa,0.0
bfb86e4ad6,0.0
ddbaa11b44,0.0
9ebc7c54cb,0.0
e37d3a9b54,0.0
42fc1d5a13,0.0
90a32e88c3,0.0
6397199fa9,0.0
945d14987f,0.0
35789790d4,0.0
61a70507bd,0.0
d68fc7da1e,0.0
025e728fc1,0.0
9873f15b56,0.0
e5d0aa1ee1,0.0
b29dc6d5b9,0.0
4ffef1f6fc,0.0
99f837c0be,0.0
3018317488,0.0
fdb6a137bc,0.0
2b128e14e0,0.0
e44338c080,0.0
d5a2b10155,0.0
e5c2016dea,0.0
1eb9e9dacb,0.0
e659a6cba1,0.0
529009b4c7,0.0
a50310885e,0.0
069d5121e5,0.0
ddafd03e04,0.0
d5768c54d8,0.0
59ebce2ea1,0.0
46b6379daf,0.0
0ea6ee2b9b,0.0
be587d090a,0.0
be026caa96,0.0
900709ccaa,0.0
c61a9bf14b,0.0
2b9db1c50a,0.0
a27fa158eb,0.0
91be92fdaf,0.0
501947012a,0.0
d54d085160,0.0
718e4c9a5a,0.0
6712df0088,0.0
8ca93059f2,0.0
945aa329cf,0.0
31886984f6,0.0
79f3ff2ffa,0.0
1c174e991d,0.0
e114a7c62c,0.0
46e2a1b461,0.0
17e96291e4,0.0
85449fe662,0.0
b6d839f8c8,0.0
49b415a307,0.0
6b3ba1ee8c,0.0
bfeb322361,0.0
c801a0284f,0.0
2bafaebf0c,0.0
57e439a37a,0.0
c0b971d920,0.0
a978a4e230,0.0
f91106e097,0.0
6b65d3df66,0.0
f34ee2dc9e,0.0
8b389ca3b8,0.0
94914ea3d0,0.0
a09b5a41d4,0.0
86d7dea5b9,0.0
a95e3a3af0,0.0
aee15a01ad,0.0
91c91391e0,0.0
c02a33e5e7,0.0
f019cabd01,0.0
0bc49cd224,0.0
c815d3780f,0.0
52748a3cc0,0.0
d2469f5fff,0.0
2ad17d46a8,0.0
030bdcc5b8,0.0
7578269878,0.0
fa4b4cd24c,0.0
7d2ec50c49,0.0
b8b6d0b09b,0.0
4e387424c4,0.0
5ecd632542,0.0
d7dd3e6f43,0.0
305a3119dc,0.0
f22e90737f,0.0
af85ba36f8,0.0
0099267c39,0.0
38f66069d4,0.0
036bdf47b3,0.0
2b76fdcdf0,0.0
020b810a2d,0.0
ec128e5fdc,0.0
798ff0f9db,0.0
13f789d778,0.0
127031d636,0.0
1a515fb5cd,0.0
2ad9af56c8,0.0
64a5c03055,0.0
2dbaf2dcb8,0.0
2db1c94ecb,0.0
e9ab305c1e,0.0
47ea25a91e,0.0
47db1d3ffc,0.0
32ae30e1f4,0.0
30507da8d5,0.0
8dd2ad7db5,0.0
052192d1fd,0.0
9339c508ee,0.0
6129835989,0.0
a3f1f623de,0.0
3bb6aa987a,0.0
6215bfc431,0.0
cbc84d3eeb,0.0
14c0d9963f,0.0
fad9170017,0.0
8aa6ba0e0e,0.0
fcf4ef4de7,0.0
c3f0f1756e,0.0
4e86d74605,0.0
70aef34eee,0.0
886309c2ae,0.0
499046b0f4,0.0
fcd30b0978,0.0
f2a05d45d8,0.0
1716b096cd,0.0
8bac8d6369,0.0
11d3bdcc6f,0.0
a093325085,0.0
c2c9c2549f,0.0
0c1525d55a,0.0
fcb1fa1303,0.0
07ca502436,0.0
18cd95c612,0.0
70a0864d93,0.0
839b7862ff,0.0
de55c8d923,0.0
613e6d308d,0.0
355f32483e,0.0
95b51ecadc,0.0
5f1c4ddd0e,0.0
0735773801,0.0
49ad01c888,0.0
a22a54f8f9,0.0
69db853dbb,0.0
24dd9e70ac,0.0
25ae7f2eb9,0.0
c4ecec554a,0.0
2f2c559d4f,0.0
cb18bc4806,0.0
b549f3ee29,0.0
a25bd02a23,0.0
2fcb23cd91,0.0
b8800097e6,0.0
4f93ec0cdb,0.0
552de4ade0,0.0
c30303b3cc,0.0
51ded44d29,0.0
90a665207f,0.0
3494804116,0.0
a28fbdb2e8,0.0
8f3346d6ee,0.0
6c98f49a00,0.0
683abbb5c8,0.0
ed5e8db021,0.0
fb0a62900c,0.0
c97885a568,0.0
1d0dbe325c,0.0
0146980135,0.0
e663d5cf5f,0.0
aa8fd9c4a7,0.0
5c0458d98b,0.0
9c45753948,0.0
8a12c13f86,0.0
e2279ee83a,0.0
e7f786cd91,0.0
dbdb715b21,0.0
488d1f9e97,0.0
3620828707,0.0
7929519411,0.0
11466ec9a8,0.0
e526b7ae88,0.0
7dc2f713fc,0.0
a9912b0f4b,0.0
d923564ced,0.0
6ba90d249d,0.0
f4e864a8ea,0.0
30fe5ec843,0.0
3b529c5e2f,0.0
779b6bba5b,0.0
32e2226e25,0.0
f79861c269,0.0
bcf763306c,0.0
78d7481594,0.0
1b057b381e,0.0
106a720d2a,0.0
4c4e688d09,0.0
085737f567,0.0
ac448c6076,0.0
30b3474ada,0.0
23a6e12b61,0.0
95b9f7c04d,0.0
0569f1263b,0.0
fcf50f7d36,0.0
536f34d677,0.0
072603e832,0.0
61aab7d5a3,0.0
9a4c4121d9,0.0
4f766f2b8d,0.0
dd2280eae3,0.0
8ac2007ee6,0.0
d2f44aed0c,0.0
e30579e45a,0.0
c6b36ec0ae,0.0
da7e15c137,0.0
9105471efc,0.0
baf1a5b0da,0.0
a0b3a20362,0.0
e2279d44fa,0.0
488c377e7e,0.0
7a9fb6d475,0.0
c7c3f4ab6d,0.0
82bb42c9eb,0.0
f91aacc68a,0.0
649ba40857,0.0
e178866c42,0.0
15f33756d6,0.0
5767dd34cb,0.0
37bb0dafec,0.0
25ed071bd2,0.0
98adc5b4eb,0.0
e57f4f88ea,0.0
abb8ec8270,0.0
dcf15de9b2,0.0
5a239178c2,0.0
a05b37c323,0.0
5fac86b14f,0.0
86eafb5e6f,0.0
f528dfa15f,0.0
9074617d47,0.0
3b75440efc,0.0
23864fdcd0,0.0
8dae192e6b,0.0
ebc10d0c91,0.0
c7a218b02a,0.0
56707d91ad,0.0
2768ff6b4d,0.0
99247b3430,0.0
0b7197cca2,0.0
921d184081,0.0
d13ae6dcab,0.0
bc6f0cd221,0.0
6cb8a81d1d,0.0
59887ebd1c,0.0
12f58feae7,0.0
4cc489a3e2,0.0
549628f3e8,0.0
2a640df484,0.0
cba2277d11,0.0
77c91e1666,0.0
79668265e9,0.0
d29524a8ed,0.0
ca55f82875,0.0
ca55f55d36,0.0
ac25327727,0.0
2c4e91bfde,0.0
13b5a138d4,0.0
708c8f1bbf,0.0
1dbc632e17,0.0
6d34813158,0.0
e442b40a38,0.0
e8cc541336,0.0
884ebab290,0.0
9d55fbba84,0.0
efb579a72a,0.0
bd9162e769,0.0
20bea8249b,0.0
12509140b3,0.0
1275a0a68f,0.0
bbac5af914,0.0
7708e65b6b,0.0
0d2ff93e2e,0.0
6aecbe2ccf,0.0
d0bbe13f21,0.0
a0acadc63e,0.0
3de0532101,0.0
fb4f150899,0.0
c2e89a354c,0.0
a9365e2340,0.0
514d9961ef,0.0
ad04f484cb,0.0
b2c63518f9,0.0
4d0010f2d3,0.0
2d7a4e4cf9,0.0
f17ef47de6,0.0
f84fc45ce7,0.0
575742964e,0.0
9d72f8b836,0.0
e1e0b15782,0.0
495ee7de23,0.0
68c2891e05,0.0
2f4da5177b,0.0
9bc2d7767e,0.0
48247cf147,0.0
11fa8b73e6,0.0
073b15e650,0.0
5e9c87eaa9,0.0
5adbc4760d,0.0
937891471b,0.0
eece03b80a,0.0
093d13f5ad,0.0
3605a5e5a9,0.0
b3577afe4b,0.0
0f613f9db8,0.0
315319afbc,0.0
51cf8a0fcb,0.0
12035d0234,0.0
67bfabcbe2,0.0
bc8857af62,0.0
5b235e3db8,0.0
e9830f0f60,0.0
3dc157b9e1,0.0
0141868847,0.0
a20461e09c,0.0
32e4091672,0.0
2057919479,0.0
24abf4b9b9,0.0
1faa0de93f,0.0
bce717d0d2,0.0
3655b3e496,0.0
e536f2bf38,0.0
e51f397a08,0.0
46f0b9ca22,0.0
cc8bd7ae5f,0.0
801f516b85,0.0
11184cfe4e,0.0
3baeecad39,0.0
a0c82a13ca,0.0
2b5810497d,0.0
6f2480b1dc,0.0
19df27c84c,0.0
6923c020c2,0.0
28eb2e8e7a,0.0
3ca69a5ca1,0.0
e202850dae,0.0
a8dc1a92ca,0.0
452fb1fd40,0.0
6285e65bc4,0.0
c5c79c7f1d,0.0
2dd3d3d011,0.0
39f2f61490,0.0
bf6dcbaf6a,0.0
94fb7ed964,0.0
59f7767fed,0.0
b047f0d884,0.0
ce4e98275e,0.0
d23068da89,0.0
b2ffc2533e,0.0
d9f7f76673,0.0
a3548ae1a1,0.0
e0c4f98548,0.0
48aacfcbd2,0.0
ce5283ae22,0.0
7ce26e530d,0.0
6b3019f78d,0.0
c611363b9e,0.0
2c5d14934c,0.0
51f0d16366,0.0
6c9ba7eb67,0.0
ade2216c91,0.0
ae0fe7730e,0.0
8844f1e36e,0.0
b7f9ce7116,0.0
927ea5cd81,0.0
47ed1c00c6,0.0
9ce6e929be,0.0
d5f3a40edb,0.0
4b11a178c2,0.0
e13e9628c0,0.0
13e688d0f0,0.0
b7b9a1d806,0.0
bd58bdde5b,0.0
e0749fe03b,0.0
241fc059aa,0.0
2f14d97ce0,0.0
cb270d99cc,0.0
bb30afc8f4,0.0
30ab97a8c1,0.0
d5929eb494,0.0
86465b0ada,0.0
51c9fc876b,0.0
833b0bc813,0.0
b62ab117ea,0.0
f0d5442ff0,0.0
095ffe1f73,0.0
f30b0688a8,0.0
4ddccab904,0.0
e24fef5a78,0.0
2b5c233476,0.0
a088e49eeb,0.0
c2aa79edda,0.0
fb03ebb814,0.0
c0b39a3189,0.0
2c323bedc1,0.0
d0f204b7d4,0.0
0c8c73ba25,0.0
06331e098a,0.0
f466ae27cd,0.0
d461e678ce,0.0
478325a509,0.0
658e49f201,0.0
a8617de579,0.0
5efb751c04,0.0
458c2e6270,0.0
4d39354fbe,0.0
100d01239d,0.0
e244f30ac7,0.0
bfd68d232d,0.0
f7ec1189dd,0.0
32c87f7e70,0.0
0663943d01,0.0
f7c067ca1b,0.0
758018d41c,0.0
9fd877718a,0.0
246afad554,0.0
153bd2339a,0.0
50a32d476c,0.0
da1a2cfd8f,0.0
f25395bd45,0.0
e3b565d795,0.0
69de4e2337,0.0
4971d1013f,0.0
f38c3ae9ce,0.0
0bc7c7601b,0.0
c18369d934,0.0
efe401f4cf,0.0
e7629b4956,0.0
ad5fe5f87f,0.0
f747c0681d,0.0
c0526537d2,0.0
8434791a85,0.0
ee30ea9caf,0.0
1d186c5972,0.0
56cabfa578,0.0
e560fdf83e,0.0
9f47929839,0.0
3f46af0eb0,0.0
24c562bda8,0.0
e7a42b595f,0.0
cc6ec3e263,0.0
fbd9882317,0.0
42bab28f83,0.0
a4d9652996,0.0
c227ca7157,0.0
283243f9cc,0.0
7ac8aa658a,0.0
b66706948b,0.0
e84fcd2464,0.0
83b7eef212,0.0
28f9abf1d9,0.0
0558d00cf9,0.0
76a093fe93,0.0
bdb39a461d,0.0
e19c23017e,0.0
0be2450ddb,0.0
afbcf45e85,0.0
02a26d0d96,0.0
618cb94547,0.0
a4396ed5f1,0.0
a2cc1e3d5b,0.0
40ab10ae25,0.0
88a87c7f42,0.0
6d37380465,0.0
5132987158,0.0
5ce5fd29ca,0.0
fce7903b74,0.0
38ec32f102,0.0
3ac3524e8e,0.0
45244806e8,0.0
f945cdd194,0.0
130f569594,0.0
5f53971298,0.0
627898e1e4,0.0
d4f17084ec,0.0
2e85fc25e9,0.0
60f1316c61,0.0
b58c879f45,0.0
b3ad4ac62e,0.0
42134dd798,0.0
ea1742185d,0.0
3404f9acc2,0.0
e7c111dc93,0.0
680257ecb6,0.0
2a2b32cec3,0.0
98c0bfe1e7,0.0
7c8b27831d,0.0
f00c9b55ab,0.0
ab9a9000d5,0.0
2caa5bb798,0.0
1987b81ff5,0.0
33989b74b7,0.0
44ab55608b,0.0
31618900d9,0.0
fcdbf24e3c,0.0
57b79607cf,0.0
d2c7671461,0.0
84902e824e,0.0
26e353c4e5,0.0
7d0e52148f,0.0
d670deda48,0.0
0048740c43,0.0
26d190cb7d,0.0
bb370a4d02,0.0
70aa65f7ba,0.0
960cb14f69,0.0
fc55d4e0e5,0.0
525d6f3fee,0.0
f432b75435,0.0
50c284fda2,0.0
399886fb40,0.0
cebe2c9906,0.0
a00127ff50,0.0
12a1b73430,0.0
2efc5a2296,0.0
bd1e5fdfea,0.0
6719d11eb2,0.0
faa7239610,0.0
8c83f752af,0.0
7874fbe8f3,0.0
d0a4e6fb93,0.0
ecbd3519dc,0.0
fde4edda07,0.0
8e4629166c,0.0
30a0c5c147,0.0
ca7458d33a,0.0
b6e0e88008,0.0
83faa1ac65,0.0
ec08f31de7,0.0
d4037532ee,0.0
9113ecb862,0.0
ba14beff56,0.0
0385b8ac81,0.0
a8e71d0d75,0.0
8f7de15cd9,0.0
6934e5cf4d,0.0
e4093535ba,0.0
db3393f4a8,0.0
c59a957615,0.0
4ca5ec2128,0.0
fb75361291,0.0
0f0cd22f5c,0.0
60e5ba97cc,0.0
7b0ece7c56,0.0
9c7f55d2f0,0.0
b25eebd940,0.0
2a540c8816,0.0
8dd3260093,0.0
952b11f344,0.0
0c744daffd,0.0
11722164bb,0.0
b49d096108,0.0
99edb8475a,0.0
99c00b7fe1,0.0
06eea41eca,0.0
29bce274ee,0.0
e1c2474f59,0.0
18854137d4,0.0
a8e47f0762,0.0
1bcd058210,0.0
d9e8a16a4f,0.0
a871748181,0.0
278dec9ae5,0.0
fa477f9b11,0.0
1298d1a574,0.0
ffa22af4ed,0.0
4e5b35b799,0.0
7fce5b1bff,0.0
8eedd41705,0.0
4bf861a210,0.0
6f77fd09ee,0.0
19d9c324fc,0.0
105fa84e3a,0.0
c892d98afc,0.0
0362858d73,0.0
6103cf0371,0.0
fe9ac805d0,0.0
5495a60a4f,0.0
d851b185cd,0.0
7132913b4b,0.0
b7212ecc47,0.0
904763df3b,0.0
8e25a79a38,0.0
d67b7c37dc,0.0
64d8348621,0.0
d56c8e5abe,0.0
a362558b85,0.0
106256b15f,0.0
f0f5f17bc2,0.0
ae09622b5c,0.0
f4c079c548,0.0
a2ca6748de,0.0
884aac44ed,0.0
c9bb475d79,0.0
b047ee61b3,0.0
0920406014,0.0
ba59ba3248,0.0
881171c568,0.0
71d67582eb,0.0
ca0ae3488e,0.0
eddb5c6ae9,0.0
1c5a10c1de,0.0
e8ed93bae6,0.0
33241b837b,0.0
7c1e277c52,0.0
b9cf5e4a01,0.0
637dc4abc3,0.0
51742392f9,0.0
4bd86ec2cc,0.0
bb296a0721,0.0
362323bbec,0.0
b1d80d1cb0,0.0
04193272f2,0.0
0fa5fa48e7,0.0
17d2bdbf93,0.0
fd37687560,0.0
67570fd5cf,0.0
f27af433b5,0.0
500ebc8a48,0.0
bf545d8e74,0.0
29edfa81af,0.0
6b1807a27c,0.0
c562c25439,0.0
b2ef813ea5,0.0
cae076e493,0.0
55b90ab366,0.0
e2e78cda4c,0.0
b91dadb792,0.0
a30dce634e,0.0
355e801009,0.0
5a53880959,0.0
89a0adc49b,0.0
4a4a3b76a1,0.0
3dde1711a9,0.0
839ceeb579,0.0
e0b18ce435,0.0
a465eda6bc,0.0
48ad7b7938,0.0
075ee84444,0.0
933476fb00,0.0
9955045124,0.0
e891cad3ef,0.0
63118478f2,0.0
72d5b51193,0.0
0ad8a3a2c0,0.0
81653a966e,0.0
5354d3cae8,0.0
bcd3f2e1c2,0.0
2418725c6a,0.0
ba619ef939,0.0
7435b8bf4a,0.0
0b3e059e80,0.0
42b1a71a62,0.0
abb0903c3e,0.0
e09a1695c1,0.0
248656f64f,0.0
c4cf0bcb18,0.0
1d93a78be4,0.0
f7aa4b770e,0.0
83eeb85ad1,0.0
0e0c72cf68,0.0
6402a5a778,0.0
b4907dfbd5,0.0
1777403b58,0.0
390b6935cb,0.0
ed7114c1f2,0.0
5840280a6f,0.0
3442cfd9c0,0.0
77c67cbef4,0.0
f21bf65e60,0.0
80993df696,0.0
c888ae58e6,0.0
65dbfa7ee9,0.0
37abd215b3,0.0
209a4c858b,0.0
db883176f5,0.0
f90f520d96,0.0
455d870d7b,0.0
cb6370e240,0.0
9cffaba81a,0.0
c799a5e3d4,0.0
71df3bb93b,0.0
9768cdcd80,0.0
f509f7b1ed,0.0
1ef7bceaea,0.0
c4ce681a1b,0.0
f7e974d26e,0.0
07ec600512,0.0
35f78060f6,0.0
0c42ed1fa5,0.0
3ef279222f,0.0
174df7263e,0.0
1a755083a2,0.0
fd816d158c,0.0
20f18aedf0,0.0
0c2deb1976,0.0
1dc95f8e9e,0.0
6382c42551,0.0
4da3b313b2,0.0
e52be75b2b,0.0
97b0cd4ca6,0.0
d17286d7b7,0.0
1a8e58d4d6,0.0
8c7d8089fd,0.0
f3c50ed6d6,0.0
eb60a2da54,0.0
20636b6596,0.0
09256cdbc0,0.0
36f79c6159,0.0
471819a4dc,0.0
7eb3575a47,0.0
f90f314c56,0.0
f10ff23762,0.0
d43558d49f,0.0
77d6bf2304,0.0
68665dd664,0.0
306a373789,0.0
ea276c8d45,0.0
dbe05e3540,0.0
60ef9e6b9c,0.0
48527d91ca,0.0
54250a7202,0.0
310a720f8b,0.0
dacb00aa9b,0.0
5779e02e21,0.0
bc7abaa6ad,0.0
9e2ffae5a2,0.0
c7dc94cebb,0.0
0487c03dc0,0.0
22bf2ca065,0.0
d9eb7ce563,0.0
9d9d2985a1,0.0
c9b2aba601,0.0
add8b314ea,0.0
5bec2b7013,0.0
9569ca82a5,0.0
f91eb62dd8,0.0
dce3e94cf5,0.0
7c3e2d20ba,0.0
0a93428cd0,0.0
ef9280894f,0.0
51b83b6814,0.0
37df089a1e,0.0
671d6c8533,0.0
b88cd7f459,0.0
e8e958a61c,0.0
4c14a5c4d0,0.0
0c849b7103,0.0
26edf03019,0.0
968a05906d,0.0
1c051260ee,0.0
d47e1dc960,0.0
7e4de62fd6,0.0
235c37bdcb,0.0
09cb03aa96,0.0
c7ad5f42ed,0.0
0d9eb6ebd8,0.0
a7a2c495aa,0.0
7a3afa23ae,0.0
9fc8eb7554,0.0
81d81fec3d,0.0
7e9ea0ee08,0.0
8fd43fecdf,0.0
40c1dded27,0.0
32bfd26102,0.0
cb31ba434c,0.0
b5c6ab82a1,0.0
46b68b70bb,0.0
eee6c13b2d,0.0
040b26c08d,0.0
3235ce4d40,0.0
fe55108006,0.0
a13eeb5091,0.0
a73b23ca44,0.0
cc67005b38,0.0
8a71e34f0e,0.0
205aa0141d,0.0
f011b3398e,0.0
2135b67225,0.0
08dbd39519,0.0
633e87c028,0.0
905cdf9e65,0.0
3484f87163,0.0
4c590de29b,0.0
b070191c60,0.0
ef403ab4de,0.0
be60440fb1,0.0
04d481ea96,0.0
5b0e0d7244,0.0
c2e8d6b41e,0.0
a5da35e61a,0.0
5759ae7840,0.0
1f58c69283,0.0
3c6d026d59,0.0
a49de83330,0.0
46890de92c,0.0
8724fb6f6c,0.0
42574ce8d9,0.0
67d5685c44,0.0
c4afbb2c0f,0.0
6eb300151f,0.0
0659c8a891,0.0
4d18b00f22,0.0
6dd21d6aa9,0.0
1f2089b81d,0.0
6ac8082dc0,0.0
a11e10317c,0.0
e68c90e57d,0.0
cea30b6ec1,0.0
a471143d69,0.0
bbcec87e6c,0.0
9f45b76ac7,0.0
5718f3386e,0.0
78d4ed60d6,0.0
c87d2d3cc6,0.0
0b57aa8f4d,0.0
4de4a4bbe5,0.0
09a58bff51,0.0
df81a2f8c0,0.0
ce27e3615e,0.0
f7fbc27a93,0.0
9f0291e011,0.0
9daa761f9e,0.0
691eb40ea3,0.0
15355bc199,0.0
b3b34e78a6,0.0
93e18269f1,0.0
4ed4569234,0.0
1c209b532d,0.0
76ece60182,0.0
d9276b626e,0.0
d8b71d9689,0.0
5db334e859,0.0
80a2417be1,0.0
47b5a2f51d,0.0
70031445ae,0.0
c81f45f62e,0.0
2b8d7e58e4,0.0
04c343a2f2,0.0
4b68e459eb,0.0
cc2358142c,0.0
fef9d00b22,0.0
c80555c401,0.0
8442aaaa17,0.0
29da7078a0,0.0
9f2aeeed13,0.0
24ccbae958,0.0
b84cdc3300,0.0
a0c168f2fd,0.0
499ab76917,0.0
2590adb45d,0.0
e4f90bba0e,0.0
80c1564929,0.0
5ca67af12e,0.0
7c33f655ba,0.0
d4bbae8f6d,0.0
0642b69063,0.0
b98fb00fa1,0.0
91afc9fc3b,0.0
16dba3508d,0.0
45dd11e355,0.0
7ea2895de6,0.0
e859ec7c51,0.0
7303518984,0.0
31270118dd,0.0
66f32bd012,0.0
65f0d7fd88,0.0
59c4aa9fe3,0.0
2537645a9e,0.0
1a23213bb6,0.0
8f09d0b2c2,0.0
8b51695ceb,0.0
e9113830c3,0.0
4033377579,0.0
ea17dc2927,0.0
735efd5c4d,0.0
3720db4b22,0.0
94626899df,0.0
7b02e28126,0.0
b3ce35ea7f,0.0
da180f071d,0.0
cae69b9285,0.0
6feb1edd74,0.0
29e6aff2d5,0.0
7c23fbef24,0.0
cc31130473,0.0
6496dfe28c,0.0
84725b85ea,0.0
4056813d79,0.0
aac318cc5a,0.0
583b37ec32,0.0
afec47f65b,0.0
c5b9e9d95c,0.0
3733e492f0,0.0
bf1c203d80,0.0
74c54cb2eb,0.0
7ae7030b31,0.0
9f321f0e8d,0.0
94efe536c2,0.0
f25d043161,0.0
e48448491f,0.0
804237c20e,0.0
7dea629c02,0.0
28d744238e,0.0
395c9b43dc,0.0
ac9b353311,0.0
ec41c18b81,0.0
b0d15f1f3b,0.0
bbbfb364b3,0.0
554c13a937,0.0
b73f9c4d90,0.0
2391077b26,0.0
3f9b3b4623,0.0
6cd31d59c3,0.0
565ca7d1bd,0.0
1a43fb1111,0.0
120b2f07b0,0.0
68cfdc0fa0,0.0
a56e167619,0.0
2d60a35011,0.0
0fc21e3df9,0.0
d83ab0582a,0.0
f119990eb3,0.0
5b82b21615,0.0
5a714ba21a,0.0
d71734e3c3,0.0
f1ccabecab,0.0
741bbaae93,0.0
5e7cf3ddb6,0.0
ff584501c5,0.0
4049cd9807,0.0
b1dd90b3e2,0.0
b36462076e,0.0
08933ac5a5,0.0
23cf80c10c,0.0
e29d9d0410,0.0
38c4c07b8f,0.0
83b21995d6,0.0
7e26660e61,0.0
dd64713f10,0.0
bd6ff6cc89,0.0
2e27c81873,0.0
f293f133b5,0.0
03a571f216,0.0
90bba6450b,0.0
d729c71841,0.0
8f616bc310,0.0
0be6f84d10,0.0
c12b8e3a8d,0.0
8c17654003,0.0
b0e232d33c,0.0
df633a94b3,0.0
4b494b935f,0.0
a35191676d,0.0
7412a585b9,0.0
d4fe081eb8,0.0
a18ad10e7b,0.0
54ca53a9bc,0.0
6cc45c1840,0.0
277a7bc2cd,0.0
b4d8961960,0.0
f55000ea40,0.0
316addc793,0.0
7dce1804ba,0.0
106311e538,0.0
5395aab6ff,0.0
97cd5dae2f,0.0
4dc252de05,0.0
1dc997dec9,0.0
217e590275,0.0
9e8773ae4c,0.0
1e42fb0ba7,0.0
9429724685,0.0
9879514b1e,0.0
e0ec93d5bd,0.0
e81751b500,0.0
4b14b15d15,0.0
e50cdd1f29,0.0
74254e7efd,0.0
ffd6334b9f,0.0
f77ca85b55,0.0
8889bd21de,0.0
8c7d33cba6,0.0
95d83ed616,0.0
49575fb45c,0.0
3ed4cb2fd9,0.0
b2e03627f0,0.0
e54e0886a1,0.0
c2119a9987,0.0
6e65d655d3,0.0
f8a723c323,0.0
af4158e21a,0.0
3cc7402e0b,0.0
dde1caadf2,0.0
e4a84e1237,0.0
e42e17c957,0.0
4b509c242b,0.0
1801486f26,0.0
7fc28f6f46,0.0
e08509f08c,0.0
5ac41ef8fc,0.0
d5c2e989dd,0.0
035cace557,0.0
c318940ec3,0.0
a473d7d984,0.0
0de845b7ee,0.0
9dca28a9b2,0.0
1369cb9ac6,0.0
13244b77d7,0.0
19a6f29f5d,0.0
222b647be4,0.0
fcbb2e2472,0.0
445aad2aed,0.0
9f253c0370,0.0
ee573746ad,0.0
98166ed27d,0.0
703c388096,0.0
6f214af0a5,0.0
5fefce0f9d,0.0
7acb2ba827,0.0
f327b27282,0.0
14eeade498,0.0
9e6543d5db,0.0
d2c100309f,0.0
9d19411f86,0.0
09b0d21344,0.0
c9f564b274,0.0
c50c27f01f,0.0
985874b870,0.0
41fba0e9f4,0.0
0c41e526cb,0.0
fcd6e35d5a,0.0
da10daba15,0.0
1eb9cb5542,0.0
243e782534,0.0
117e6cb798,0.0
2898843f4c,0.0
6bd82fb16a,0.0
befb9d0715,0.0
7d9bef77ca,0.0
b0e51f4846,0.0
cd12c8533d,0.0
a54d4464c5,0.0
8a44c6202c,0.0
7e59a822f2,0.0
67fe49bafb,0.0
35673f0a05,0.0
2673b527f7,0.0
5ef0887b21,0.0
12ef0f513a,0.0
2f4b345199,0.0
4d7b397e5b,0.0
08513d6656,0.0
664a73458c,0.0
e262820d73,0.0
3fe49cf9b1,0.0
8d6d4cc30e,0.0
e767039d26,0.0
0a5cc7b1cc,0.0
12eafc49c9,0.0
417a750389,0.0
f1dd434661,0.0
73152a53cb,0.0
0fc63d6edc,0.0
4555def826,0.0
f996518223,0.0
de29abd741,0.0
e3b988949d,0.0
d4cb4138f6,0.0
a0bc4b984a,0.0
4ef4aa3b92,0.0
d1eaeead0f,0.0
1eb5749360,0.0
9888826da2,0.0
04e09e5583,0.0
a62aa713b3,0.0
e9057a53fc,0.0
bcd1b7a88d,0.0
2b0ec96488,0.0
3aab164fc9,0.0
371fa6e7d6,0.0
628a6c8743,0.0
1e76d21586,0.0
c167dc4738,0.0
6c3032e597,0.0
513f64b035,0.0
fb66fc81bb,0.0
437af68ef4,0.0
958eebef68,0.0
922cd1ebf1,0.0
a9e8351698,0.0
bac34d85ea,0.0
0a418fc02f,0.0
5b781e04bd,0.0
5f28652bac,0.0
072621a4a4,0.0
cbdebf02c6,0.0
7e48b1b393,0.0
dbcc20ae8c,0.0
808a27d1ee,0.0
ab85183ed1,0.0
17bf091341,0.0
f6ff1a6f5d,0.0
00ce77eed9,0.0
315a5d80aa,0.0
df09f50d4c,0.0
fcefe5ff7a,0.0
c94bb0e7bb,0.0
ab29bbafba,0.0
77b224056f,0.0
79181e24de,0.0
7a5bd536dc,0.0
cff4f69a2c,0.0
30ab5e0bc2,0.0
10f4de7d33,0.0
c8d9c66d83,0.0
64ff66b69b,0.0
75fc6075c1,0.0
1ef6d5b6d6,0.0
f69cee6dc7,0.0
323c6289e3,0.0
3f700cf749,0.0
d93422a8ec,0.0
b92e2aaeec,0.0
9b1963f15a,0.0
7758f9c79c,0.0
40b4e1b593,0.0
747872e0a9,0.0
91d4a6f154,0.0
3c6e21ac9e,0.0
134236ed78,0.0
05c1a14217,0.0
48136fa9f9,0.0
8e33f8735e,0.0
144a28984b,0.0
7723b1028e,0.0
f22aafa3dc,0.0
e5763154b0,0.0
a270f212f5,0.0
bf85423bae,0.0
b5379c5332,0.0
5339e2c9b7,0.0
67cefda880,0.0
2106c14383,0.0
4338115895,0.0
0df081fd84,0.0
59b20c0ee6,0.0
2d1fb87a60,0.0
be196204be,0.0
6c40309e7c,0.0
92e8efc8d3,0.0
886d4c65ce,0.0
0fd753b8cf,0.0
9a0b5bf3d4,0.0
caf477a30b,0.0
b87cb27579,0.0
d6514f77e9,0.0
b4e90f27b1,0.0
1a4931c63a,0.0
1098652f1f,0.0
44ca353605,0.0
bafa405c0b,0.0
a5832572fa,0.0
1243e92937,0.0
b4acfaa128,0.0
3e4551d11c,0.0
f48948330f,0.0
babc66f49b,0.0
2f2a70c6fc,0.0
b93dc95ffd,0.0
76c2bca590,0.0
182ee72412,0.0
6027734354,0.0
b77725bc2f,0.0
7328b096d8,0.0
d4f57d2e2c,0.0
ac51d63372,0.0
a5dfe46dd3,0.0
fdc8d69310,0.0
6265c1841d,0.0
3939a4e007,0.0
9bc8ebc5b8,0.0
506574bf4b,0.0
c0f2e6a626,0.0
b9a285d923,0.0
ca73eab588,0.0
223cff1e59,0.0
87b41c8082,0.0
9a04d18498,0.0
3e8c679008,0.0
64ddc15c0c,0.0
7d4d50fc3d,0.0
0dadcde333,0.0
0585f35dc0,0.0
1c384bbaa3,0.0
f35d962955,0.0
40f33ae961,0.0
a1a4fa1444,0.0
be637aff93,0.0
c94bad9042,0.0
8c262431a2,0.0
d8d2745d4e,0.0
5f4e3baaad,0.0
8408e7c598,0.0
28414622a3,0.0
d7ee19a570,0.0
16fe5b55a3,0.0
5507964665,0.0
f58ec3f564,0.0
1d9adcd260,0.0
ae8b4cf25a,0.0
8185fb0f29,0.0
fae87b377a,0.0
b2cc6c50cd,0.0
e596a7a654,0.0
a0ef9128d5,0.0
e7a6d403f4,0.0
c30bb87e13,0.0
f755db0f11,0.0
6c297eff2f,0.0
1ec5535951,0.0
f9a079433f,0.0
b34e27c05d,0.0
38d70d602b,0.0
0d83eb2d17,0.0
b4611ba30c,0.0
0f98e33e7e,0.0
4df53a0051,0.0
fe95416bef,0.0
db31aae8b8,0.0
1efbfe43c6,0.0
ab654285e3,0.0
db86949b66,0.0
218b423f59,0.0
9e5ccd655b,0.0
87a278be55,0.0
487afb1d63,0.0
7b01f92b03,0.0
d9ef44fc32,0.0
33397ef73d,0.0
cbf7c7da8b,0.0
3476c60abc,0.0
31aa4d4b20,0.0
d19897afba,0.0
94d049ea78,0.0
598c6ebb5f,0.0
6e22fcbe23,0.0
60b8cd819d,0.0
016878594a,0.0
e12fec089f,0.0
aab55ec001,0.0
6f57b0ba35,0.0
5f4175c16f,0.0
c5df1e4025,0.0
961fc0fc92,0.0
2057d4860b,0.0
fa77937986,0.0
c9e682eb97,0.0
1373547581,0.0
db9e194f80,0.0
72165ebe65,0.0
7493805b7e,0.0
cb59d25141,0.0
bcb15afe48,0.0
99e2b6ff66,0.0
09510391ba,0.0
d6cce87acd,0.0
6e045b0ce3,0.0
983e16c32c,0.0
57ab20feeb,0.0
5f7dbdd666,0.0
4e06249c5b,0.0
b47e652264,0.0
e22d257f42,0.0
ebb2f777fd,0.0
a6f92ec5bb,0.0
8a6c20eae2,0.0
f231df10b3,0.0
a564b01549,0.0
daaef48ccc,0.0
1d3063e41d,0.0
e9257efafa,0.0
4b556ddb45,0.0
6862e6329c,0.0
bbd528ebc7,0.0
4e23e474bd,0.0
86aac479a5,0.0
66538d666c,0.0
4755872ee8,0.0
21ad636d53,0.0
3d922b3bc2,0.0
82abeb69cc,0.0
64123e8be2,0.0
6ab0eb38cc,0.0
56ed51a8e3,0.0
3a662296f8,0.0
ec05ab9953,0.0
f48e4f52ac,0.0
4dddd95f8f,0.0
514c665de7,0.0
50edf00b70,0.0
9cc54a02c9,0.0
1cd4288832,0.0
b0fcf512e4,0.0
0fee286867,0.0
3a2c8c512e,0.0
40cef5edf9,0.0
065417e8d1,0.0
78ed2662a3,0.0
3c3cde54aa,0.0
07b35e7b8c,0.0
e1bf502c07,0.0
271bf97019,0.0
f231a38da7,0.0
31a4461a74,0.0
682383d031,0.0
06aae8f292,0.0
31b8acfa73,0.0
0b2c94a04a,0.0
704878ae2d,0.0
7b13a486be,0.0
7628fe13fd,0.0
f04bb8355f,0.0
da1ea2b600,0.0
d0f582481a,0.0
ba3ac2ec45,0.0
d5448c4a7e,0.0
a643225959,0.0
cab621daf7,0.0
ff79c949b3,0.0
660d468c96,0.0
b7b17d7a34,0.0
6b62b76ef5,0.0
80114602cc,0.0
d5ae3986c6,0.0
4be6748e57,0.0
e06a3ac1d7,0.0
e31c99eb2e,0.0
58c6ac4be6,0.0
1156fe4d56,0.0
ce2672d3cd,0.0
09ad9ffe43,0.0
375983bb50,0.0
2bc6adbae4,0.0
ccf0c73066,0.0
b3341921ee,0.0
23c4d95d4b,0.0
c16cf5f8b1,0.0
d2bf9aaefc,0.0
c550d463bc,0.0
c769b2a4d4,0.0
5fc6edc72b,0.0
9abaa14c20,0.0
9d927831e4,0.0
c5467cb164,0.0
bda732120d,0.0
1dcffa93a3,0.0
2a9d68592e,0.0
81a4c529aa,0.0
ad6da0a3b9,0.0
aa9f03d2cb,0.0
ae44606cd0,0.0
81fdab1161,0.0
3085fd6888,0.0
839c7f7257,0.0
3866127dbe,0.0
f010524c04,0.0
bc8411aade,0.0
2635b6ee13,0.0
4363e8079a,0.0
800914213e,0.0
d92600ae93,0.0
11ec3e0093,0.0
3b4cffbaa6,0.0
6cf2cb84ca,0.0
2f59cb678e,0.0
e93f02879a,0.0
2ecbd308a7,0.0
161850c820,0.0
f179336698,0.0
ff1440e26c,0.0
f7114a93f2,0.0
f64e1909bb,0.0
be0df39c22,0.0
26dc2209e9,0.0
0286e70991,0.0
708c229404,0.0
0e5480b93a,0.0
97fd53d859,0.0
fc695a41c3,0.0
30e9b6c9c4,0.0
a64c6aec6b,0.0
218414f2d6,0.0
9f6ecd817b,0.0
270e07ada9,0.0
4011ebaa34,0.0
3ac3e4f2c4,0.0
2fdc46858f,0.0
29e61a5702,0.0
220c73809f,0.0
55793be0ee,0.0
d0b39c5dc2,0.0
3dd36cbf59,0.0
ac68bc1b96,0.0
64fd20d053,0.0
1ff2f5cd97,0.0
fc255d9732,0.0
f1f49275a1,0.0
2ab4f98efe,0.0
9616fa5b21,0.0
a0c5e450af,0.0
e79d5fad7a,0.0
57e754371d,0.0
7b24a76d3d,0.0
8c512811ee,0.0
5ed519172a,0.0
ba153b8fe7,0.0
67a3127125,0.0
15b409a2c8,0.0
16d6ad535e,0.0
99248d0a14,0.0
5db66e4711,0.0
099a565685,0.0
b6a4834eec,0.0
f15c616e48,0.0
ba923b4029,0.0
9a703a1ea6,0.0
b5eb2eb81c,0.0
bf01e63690,0.0
812821c505,0.0
6e80b4628c,0.0
f5d845ed95,0.0
9a3b6e9395,0.0
c2453e1fa1,0.0
9fec2e4b43,0.0
eefce964aa,0.0
2b14646cf8,0.0
f96c1b3bda,0.0
2c68c351d7,0.0
dd372e9905,0.0
5672c843b9,0.0
efd90ce642,0.0
0551f36010,0.0
7cc85a584e,0.0
598feb5c0d,0.0
7931edaac9,0.0
a2875bd230,0.0
913882cc65,0.0
b49dda83fd,0.0
fe2c729422,0.0
e568eb4f22,0.0
8ea36ebcac,0.0
68a3212a96,0.0
ff89039801,0.0
780fb54b7d,0.0
53d00b4c19,0.0
ac3bbabd8a,0.0
f121963be8,0.0
ddac5a8eac,0.0
60dd0eff7c,0.0
a8d163fae6,0.0
db702bcc47,0.0
dd82a0e1a3,0.0
f54017039c,0.0
e7f0253666,0.0
ba070d90be,0.0
84997872a5,0.0
3baf30b43e,0.0
64e6901e32,0.0
a5143bc6cd,0.0
5286f55358,0.0
9ee0b65c5b,0.0
1551e236fd,0.0
ab142f2a14,0.0
473d44235d,0.0
c301fe3a47,0.0
331bae08c4,0.0
7f868b9599,0.0
90ff4a6e95,0.0
eb05c8517b,0.0
eff218f939,0.0
799ca76915,0.0
6faac82346,0.0
081b6b5a9e,0.0
4d73144005,0.0
96bde04bcc,0.0
0125c6a0b4,0.0
871498a973,0.0
3b90c96d4b,0.0
f5cf0b22b0,0.0
033ad82b63,0.0
5f67231f12,0.0
bfe10b9e79,0.0
0f60804628,0.0
0a65bf4d46,0.0
0475da8839,0.0
9b7c645534,0.0
31bf410334,0.0
9887c0b337,0.0
0c9f37188a,0.0
c0e577f6e5,0.0
4d9e3e6bd7,0.0
63aad9528a,0.0
65a19bacc1,0.0
2dcd9562d0,0.0
e3ee721102,0.0
5a7c0f2efb,0.0
44cffb8131,0.0
3f2ceaa0fc,0.0
eb1624d28f,0.0
3188450c75,0.0
952f750d5c,0.0
2dd956f28f,0.0
2be94e95e9,0.0
81564323c7,0.0
929a5ce3e6,0.0
3b7c3a1b6a,0.0
ea39d490b0,0.0
73347dd5e5,0.0
c946cbae00,0.0
8667fa071d,0.0
614d1f39e9,0.0
313dd6f3e4,0.0
d999c00f0c,0.0
62d8391bab,0.0
b2c8ad84a1,0.0
25d93f1f4e,0.0
8dfdc5ddf6,0.0
ad3863925b,0.0
7e08395342,0.0
0be34d0478,0.0
7a50a6fec7,0.0
d504b73507,0.0
e26052f64b,0.0
9e89bd8eed,0.0
3b16027482,0.0
34326dda31,0.0
d545364d4d,0.0
594884f85e,0.0
2d20389ee3,0.0
57bfe2866c,0.0
641ea2d081,0.0
bb4bb078f9,0.0
819ba6a62d,0.0
7f2c0295ad,0.0
dee87a056c,0.0
6520eca00a,0.0
ececd7309d,0.0
17f5b94da6,0.0
5032dc8750,0.0
42d14f190b,0.0
baa1bd069e,0.0
e030130338,0.0
67aeeb562d,0.0
269a78a46c,0.0
2437d3ab66,0.0
1d376db768,0.0
7dec63962d,0.0
65b85a5f39,0.0
ba6502f48c,0.0
b2f96978a9,0.0
fc98410c53,0.0
441f024b48,0.0
4cf6d2fbcd,0.0
ac7e6ea1a8,0.0
7454fa3fdd,0.0
0dc96916e9,0.0
bc3a1f849e,0.0
6badee0606,0.0
3e3e89b78d,0.0
4d1eefc8e2,0.0
f647ce4837,0.0
98219ee1c7,0.0
673d590775,0.0
f8f5dc6075,0.0
07caa62776,0.0
2a53aaad6c,0.0
d98da6c03b,0.0
508f8c8304,0.0
e9c79f7869,0.0
b9979d2eba,0.0
0c96df50ce,0.0
9a9bb0b808,0.0
07ca4e2da1,0.0
bcfcc47b79,0.0
c805b0dd80,0.0
4e8c14537e,0.0
e58c381777,0.0
3ce7c27a76,0.0
be8b110753,0.0
66b2a2b3fc,0.0
bf0fc2a0b4,0.0
330414e0ff,0.0
b57824e44e,0.0
71548c2572,0.0
7e8d5c6132,0.0
c30f60abe2,0.0
2e181f2aba,0.0
d017433ea1,0.0
a11de52ff4,0.0
cd57b31b64,0.0
84a46f0134,0.0
ad1f024367,0.0
b6210e9a2b,0.0
294633b758,0.0
97e0be0461,0.0
5526c39acc,0.0
1c626c9708,0.0
7a9630ddcb,0.0
86f1f90ad5,0.0
50acec12c8,0.0
b4d24ed4cc,0.0
ba1716c762,0.0
294b26180d,0.0
ce9871c0fd,0.0
530b86b995,0.0
170df7a726,0.0
0afa65266a,0.0
6ec56620bf,0.0
879a99d46c,0.0
19d12b8617,0.0
530d1729bd,0.0
caeb018140,0.0
1bd29de232,0.0
198a8fa68d,0.0
191c5bf449,0.0
5a13798e01,0.0
dc2111d90c,0.0
999ba460fe,0.0
9eb9b071ec,0.0
96d3ec4a1c,0.0
67dca4655e,0.0
a580ac4465,0.0
fd13b271d3,0.0
0c63122d3c,0.0
3bb73c2f85,0.0
2add3081a3,0.0
c676774a7d,0.0
99c667fa8c,0.0
c1ca41381c,0.0
5f62d3cd4e,0.0
7a857f8005,0.0
dde5122d7c,0.0
36b0f5c5a2,0.0
7f8b032835,0.0
f7363ab7be,0.0
d99991b331,0.0
7deafe5598,0.0
fedd5aa447,0.0
19741ae9db,0.0
eeef9ff98c,0.0
1685f8b6bb,0.0
d5f9343113,0.0
107a2d1ad1,0.0
0ce97a1497,0.0
ffda2f6fb2,0.0
2c474643f4,0.0
5d88ea8e28,0.0
d0d68b37a7,0.0
177ce373b5,0.0
6eff48c472,0.0
3a52418875,0.0
c968501d6a,0.0
c26bd4868f,0.0
11a97d69f0,0.0
eb4243b96c,0.0
a04a72d2b7,0.0
a6bed9602a,0.0
569c696b0b,0.0
15a28d6ecd,0.0
ff8c55973e,0.0
d6c9ae738d,0.0
8a7e96076d,0.0
1d193bb490,0.0
53fe0e00a6,0.0
8f49af6a0c,0.0
51e732a021,0.0
2d615dfcf8,0.0
99a5349123,0.0
684b4906e8,0.0
ba29356d06,0.0
823b5478d9,0.0
9dad01615d,0.0
878ebcce8b,0.0
1a7c8ea2f6,0.0
389fe013ae,0.0
df491f6e92,0.0
a8ceaa63a1,0.0
30b3960f87,0.0
8b3ea42e8e,0.0
8d75810d60,0.0
fb199bfc47,0.0
87b488ca21,0.0
d21a23132b,0.0
1e2091c41a,0.0
2677358caf,0.0
59ea8ba532,0.0
a4f8795ef7,0.0
4f44213f78,0.0
7eb2de8602,0.0
fccbed0941,0.0
fbc2ccfcbe,0.0
b5ad8c20e0,0.0
3b2c6791d6,0.0
03610ed13b,0.0
266e3ec9b6,0.0
72de9abed7,0.0
4879fd0ac7,0.0
3f82caf8b0,0.0
5a9e0024ca,0.0
6ac8fe1ee3,0.0
f4fd08d19a,0.0
2f108ae87f,0.0
ee2dc97716,0.0
461e8ef51c,0.0
70f4111d82,0.0
f572564301,0.0
35cede0ae6,0.0
69821d9add,0.0
4a8c22fd83,0.0
78fb51481c,0.0
fcf1b45bf8,0.0
4e7436481f,0.0
07f1be8213,0.0
f4a4b4ef9f,0.0
da28b070e2,0.0
3efcb91287,0.0
32d2490802,0.0
51c97520b6,0.0
5b123f0224,0.0
e6a367a1e0,0.0
3500ae7c81,0.0
b0ae0c9650,0.0
fc6f9afdb4,0.0
b4624e1eed,0.0
3eb3194efc,0.0
a326b511d0,0.0
97ef31eee8,0.0
4c9b8762a8,0.0
daa26290de,0.0
522c81bc44,0.0
8a2d8ef5ba,0.0
96116edb9f,0.0
b7e22dfdf5,0.0
6a7e3c4740,0.0
d70a673d3a,0.0
7987142ed9,0.0
369e3b3663,0.0
16173c3998,0.0
d90faf1c71,0.0
5b88fba6b3,0.0
f416d0a8d9,0.0
8bc82a250d,0.0
221529aa89,0.0
f5dfcfc2aa,0.0
2fe1f25e18,0.0
f11a3cc2ad,0.0
0df46629f9,0.0
6f42ea1b54,0.0
f724553d94,0.0
e7334a974a,0.0
9ffe4d0567,0.0
7153c4ac31,0.0
e1d3933950,0.0
e001740e25,0.0
8e20d722ad,0.0
4c415c9150,0.0
8956172537,0.0
83dfef1925,0.0
259ad68b37,0.0
204a9c24a9,0.0
6f62534358,0.0
a6b73c4704,0.0
cdc5d57c6c,0.0
c5b12f3916,0.0
aa9e9f28d4,0.0
d8df7e0e69,0.0
0863558eb7,0.0
99c133bb8a,0.0
6c5926c9c9,0.0
ac47d1c8bf,0.0
98de1c2898,0.0
dbc455578a,0.0
04e1ad2f10,0.0
f9c8307c32,0.0
a187be5fde,0.0
9996a7cae8,0.0
2689245a37,0.0
07eaad76d9,0.0
c86df6ccb3,0.0
3ead0ef95e,0.0
04a24c6886,0.0
596bd36b80,0.0
c014e44b46,0.0
b93615cb7a,0.0
059ed366f0,0.0
436370c7be,0.0
957f83d4a0,0.0
87bcd186ec,0.0
30e487acd2,0.0
aabb4f5011,0.0
f2aae1d89c,0.0
235430fbc4,0.0
0a411a8c7e,0.0
3f3835a952,0.0
19bd9ad8a5,0.0
bd130e38e5,0.0
f80d675218,0.0
781d820524,0.0
91af6bbe5a,0.0
de78948764,0.0
2c3f08ae11,0.0
2b004ef84a,0.0
b17c05d6a6,0.0
dc6fff527b,0.0
a281855957,0.0
cbb8f3d866,0.0
f212e38248,0.0
1cc4bf734a,0.0
124fcf95b3,0.0
b72006a407,0.0
70d1163a33,0.0
f24ce6a992,0.0
96ac6f0fbf,0.0
bf7d921ec8,0.0
53502c17f2,0.0
251f59bd56,0.0
324b9441cf,0.0
368e11d5ac,0.0
2c8663e651,0.0
425ed4d0c6,0.0
cd4812d118,0.0
dd4573aaf3,0.0
c08050cfa6,0.0
b872f3d215,0.0
26fa19347b,0.0
8662959e75,0.0
b371719356,0.0
2cb7d01fd3,0.0
21758f2370,0.0
54dbfeb9c6,0.0
8d96b9eef6,0.0
9fc9e7e442,0.0
60be903897,0.0
c262233596,0.0
839a4acf7f,0.0
9acf94be13,0.0
59e1705f65,0.0
cd02993723,0.0
a8eb289927,0.0
69d7422e3c,0.0
8b16155cc8,0.0
c3e6c55703,0.0
0dadddcd99,0.0
7cab9607fc,0.0
2e40f06906,0.0
536ba968ce,0.0
c67b64b28e,0.0
53f59ede6c,0.0
d01aca46e1,0.0
afebc72f5e,0.0
58dde73b0e,0.0
2ebb8c3861,0.0
44e73b2685,0.0
209245377d,0.0
ae6221ab01,0.0
6f8d13eadd,0.0
a8445c86e8,0.0
9b7f4595c1,0.0
37c1971788,0.0
2703713c18,0.0
6a5e58362c,0.0
53fd8aede3,0.0
6b1bd4a01a,0.0
e1283f56e0,0.0
313079f7c7,0.0
65962b9825,0.0
d3586734b8,0.0
6276c011f5,0.0
e03c5ff2fd,0.0
7fdd916a16,0.0
c6e99a10e2,0.0
fade0d148a,0.0
afc4b77ff9,0.0
a6ee4d247c,0.0
19c38283f8,0.0
a097182176,0.0
3e13a51ed0,0.0
2ecf7b181e,0.0
bd2bb88515,0.0
38452ef055,0.0
5c487f17ee,0.0
a8c0d9f7c3,0.0
11bf6e4e4f,0.0
2a0306d85e,0.0
8a55601674,0.0
adbdffc1b9,0.0
4a520ecd84,0.0
48af73e254,0.0
a6b30f1265,0.0
bfb9ce52a9,0.0
a2bfce4583,0.0
11c8724c9b,0.0
fba01b3d54,0.0
c829b4e848,0.0
84563e7304,0.0
03afa880f7,0.0
978219f7f1,0.0
c8eef9312c,0.0
df4e7c662f,0.0
fa1101e2de,0.0
41e32d6174,0.0
45e0628954,0.0
f9a71eda31,0.0
e140090ae7,0.0
7970266097,0.0
821f3fd33e,0.0
f23419b8ef,0.0
2650e4b915,0.0
461f49ba78,0.0
baa5c7c11b,0.0
8ab27c7d67,0.0
2057a06750,0.0
bbdb3bb4f6,0.0
16732f1880,0.0
38ae75dd01,0.0
fa8f8f965b,0.0
2158d28175,0.0
23e7f2e845,0.0
932a17c9a4,0.0
6deefe40fa,0.0
80b2f9d4b1,0.0
cbb8e64761,0.0
f179df7e6b,0.0
e9eea82514,0.0
c871ec0afe,0.0
17cbaa96a7,0.0
79051eac33,0.0
71c83060c7,0.0
9d87e761a4,0.0
6c83590636,0.0
2420d02990,0.0
ce7ddfb42b,0.0
a9ca205c40,0.0
ba6476a685,0.0
f68a1d2083,0.0
c8535d3915,0.0
57d461423c,0.0
7302ea8390,0.0
10d8d164b5,0.0
d59950bfa4,0.0
aaf42a57a1,0.0
78f55869b4,0.0
ab6ad97cee,0.0
34256e1540,0.0
a43d78922a,0.0
2634a013e5,0.0
70acd62f72,0.0
967212470d,0.0
05dea4ecad,0.0
428e386129,0.0
81cbff5c72,0.0
2074be7eb1,0.0
099873cdc2,0.0
f9ee832cc0,0.0
136ad68fe8,0.0
58ffa68097,0.0
8668c98af4,0.0
d62b937f0d,0.0
c5c0ebde4c,0.0
c250c55971,0.0
146e1bd19e,0.0
b0f70673a6,0.0
855da3da3c,0.0
f5d533dc87,0.0
f13f9509bb,0.0
4eeee33f17,0.0
62c7d0da60,0.0
41d60ffc8a,0.0
51e50bf437,0.0
5dff916a6c,0.0
370b512697,0.0
745fb2285c,0.0
cfad2fc933,0.0
5f2dfbcee1,0.0
7f315a5639,0.0
2af4fd4064,0.0
54f8626229,0.0
e1b83da594,0.0
95112d9f0a,0.0
9ae86b9e41,0.0
f35748579a,0.0
7a0f099ca2,0.0
519db7c3f1,0.0
6d1c1e34ca,0.0
5d791e9e6c,0.0
4c4787f9fe,0.0
375ffff792,0.0
2909beb094,0.0
8723e9c9b4,0.0
49416ed737,0.0
d356635889,0.0
dfb02b55eb,0.0
5743c9050c,0.0
db8998a0d0,0.0
cd52eb7bad,0.0
0bd56710b0,0.0
b98faf5bbe,0.0
6d5749944d,0.0
a38cd9af52,0.0
c20b163d32,0.0
6b8e2947c0,0.0
85dd585b6a,0.0
323c83a392,0.0
fe8c07e191,0.0
838c73bff0,0.0
676f80096a,0.0
0ff376f650,0.0
86d4a45fdd,0.0
924b47911c,0.0
7e9aad426c,0.0
0692ff5813,0.0
927bac912a,0.0
2a95628823,0.0
58dca5295b,0.0
8dc5e725a8,0.0
59dc61032b,0.0
e713085a10,0.0
becd2134fd,0.0
d964c8b7a2,0.0
c54a9c01dc,0.0
96bcc0b886,0.0
2f9c6591d3,0.0
d69e2fa049,0.0
f6a3fd0d2c,0.0
20f686d135,0.0
659fa62985,0.0
4598e5efe1,0.0
fa3fccd682,0.0
e211d9c728,0.0
9f0a5364c4,0.0
a39e56ef0a,0.0
55f66f85a4,0.0
06a1e1e647,0.0
4ea07dc4d4,0.0
b3559e4382,0.0
f52f5f5f5f,0.0
a466ebc6bb,0.0
1ec250c975,0.0
5b03615744,0.0
4b200eaa41,0.0
d7fa832d9f,0.0
f73c6667f8,0.0
6b6a75c25e,0.0
8cfff3bbbe,0.0
08ff53c43f,0.0
063ff149de,0.0
c03702df94,0.0
c18188f933,0.0
4c520e6ce3,0.0
80326061f6,0.0
be3d9da8ca,0.0
339931e6b5,0.0
ad7cd0cd6c,0.0
c70d594e95,0.0
de202a3e11,0.0
d109c99b88,0.0
6dc9e27ef3,0.0
eab5f6325c,0.0
08c4283df6,0.0
0ec717eb9a,0.0
32f9e106d5,0.0
feb1b1b4b4,0.0
6db0c17387,0.0
4ea5a6b776,0.0
4e143b1944,0.0
b6b2757d81,0.0
9f103bee3d,0.0
ac0b736fc1,0.0
b975676a65,0.0
cca9abb6e4,0.0
2489f4c4bc,0.0
10e448f2ab,0.0
46bbf658eb,0.0
e025d3d1cb,0.0
18b1425c24,0.0
524ebfa32e,0.0
56e2cde2a3,0.0
2171136a71,0.0
8a126ce4c1,0.0
46021fdf03,0.0
961b4b4bbb,0.0
a96e021840,0.0
8a3c9cf29e,0.0
9958b4a8c9,0.0
3d64f0e79b,0.0
6d52d7fcc1,0.0
2ae6c8bbbc,0.0
556c843822,0.0
5b96e1dcee,0.0
7568a59816,0.0
9f9c811297,0.0
03f51343a1,0.0
4d679da9ee,0.0
930361c660,0.0
cae48709d9,0.0
6efbe92b5c,0.0
17ce74e4aa,0.0
e41edd9ed5,0.0
346e014500,0.0
670a1c75ed,0.0
0e1174cda9,0.0
76739fc7ff,0.0
a1ce5eab82,0.0
0b6f3a45ed,0.0
d315229742,0.0
ddf1a9fd25,0.0
787d478953,0.0
a3e996e277,0.0
84b344857c,0.0
0fdf86e668,0.0
8b1724af0a,0.0
0d69006358,0.0
ae04f4ffa0,0.0
b104e02855,0.0
e05b41def2,0.0
0e200fd14f,0.0
12cdb07879,0.0
89627ad420,0.0
d22ffcd728,0.0
89322e425a,0.0
5a395c6062,0.0
13cde9be79,0.0
3dca403641,0.0
a0b85a7192,0.0
8bbff94d23,0.0
bf42d64ea6,0.0
7a7a44f31c,0.0
457ed02e89,0.0
4519bb0079,0.0
2064ab1454,0.0
5ff3ebf2a6,0.0
cc3ebc5098,0.0
7214daeec9,0.0
dff8b159c6,0.0
cc4058b7bc,0.0
f5afeff262,0.0
c573ce28e4,0.0
a4a1303a4c,0.0
560d427d88,0.0
3c8331f406,0.0
853b330201,0.0
aeaeea2355,0.0
ad242f1aca,0.0
fbd0ac7626,0.0
86708e22ef,0.0
9d900d7158,0.0
c7aad892ec,0.0
cdcfb8c423,0.0
4b6a9f4f7e,0.0
8c81ee8b4c,0.0
8eb28b6710,0.0
3f95502436,0.0
9afb8f7ec7,0.0
4b273dcc23,0.0
1cb2460bf7,0.0
fb939c88db,0.0
5e5968323e,0.0
c21babf4dc,0.0
a4d8eb0382,0.0
325405629c,0.0
a744acb8e4,0.0
d95d62b769,0.0
05750ebef9,0.0
6bafc9dda0,0.0
f52c4a231a,0.0
a917cc8189,0.0
5766a2d642,0.0
1c98fe926b,0.0
1e50ca1653,0.0
4b4ac99e26,0.0
7d8c6dca17,0.0
e23e0be6fa,0.0
90a4982625,0.0
78b53eef33,0.0
2f9a5a456f,0.0
7a6a28326c,0.0
ae36d5ced4,0.0
f48c305d3f,0.0
314a20caca,0.0
c1789a9e2c,0.0
4b0977e3c0,0.0
682c9b33a0,0.0
1ac426fb3c,0.0
079a181a30,0.0
6d00b89082,0.0
48ea73e2f6,0.0
2a3def0662,0.0
27ada2fa15,0.0
aea901c9b2,0.0
3c9e7db970,0.0
f608857ae2,0.0
945c554c97,0.0
81881a22f6,0.0
922ace8f62,0.0
de9cd677b3,0.0
3567e0886a,0.0
4eabc525ec,0.0
61aa1bfe4e,0.0
300bbe249d,0.0
afab45c801,0.0
d4fd9c3c39,0.0
9d1da6adf6,0.0
8e33d030f4,0.0
4ce9502565,0.0
120f1704fd,0.0
77266e2f01,0.0
f801baa797,0.0
1dc5775449,0.0
40719db3f4,0.0
3b6f90a5c0,0.0
b2338b01bc,0.0
cb00a9fa44,0.0
6b197b9c1d,0.0
3b71f6c3a7,0.0
45a38d0e8b,0.0
8ea3f52965,0.0
20e2a89ce2,0.0
699e99a04e,0.0
75265ce811,0.0
2377af2205,0.0
e9313fa09f,0.0
693fa2b52e,0.0
8d4da082b1,0.0
54dc758973,0.0
744122cd62,0.0
2e692999ab,0.0
412f2c630f,0.0
76c1217d12,0.0
67ac55ab38,0.0
324d930fe8,0.0
d834030cf0,0.0
d3b8082c12,0.0
1b143f44c2,0.0
8b9a34b1b6,0.0
5d894b6f1e,0.0
478dad94a4,0.0
2c35b05e00,0.0
147bc54629,0.0
44d1aa2e6e,0.0
5f787b5e31,0.0
a3f3aae12c,0.0
7ba274c319,0.0
95a0935f34,0.0
49eff3685c,0.0
5850857b6b,0.0
6ed4dcb7c8,0.0
9ebd8c5b88,0.0
cb9b15d274,0.0
e3a6b41bcb,0.0
4139f79172,0.0
0890fe86f1,0.0
34af129cb0,0.0
25826e583b,0.0
e2167ed1b0,0.0
2a4c6eacad,0.0
2eaa2750f2,0.0
d88d35b7f0,0.0
c28893fc70,0.0
94db7095a2,0.0
24e4ff9d42,0.0
1cee4f191c,0.0
41c67aec55,0.0
9e8a368a15,0.0
4a023000e1,0.0
bb8c400945,0.0
eca2f28a59,0.0
34eeeb90d0,0.0
0401c9857a,0.0
60a6fedb7d,0.0
d49dd113e2,0.0
658293af88,0.0
716e537324,0.0
8f170f0fa6,0.0
6b29222227,0.0
aa7e5b0b4c,0.0
47da570194,0.0
f61032503d,0.0
0f4fad6467,0.0
8a81bbe400,0.0
8d62d07d87,0.0
1ee5612b9e,0.0
f90f7a8825,0.0
794e86e132,0.0
b21465b043,0.0
9f295139cd,0.0
0ac19b5477,0.0
7770da91e3,0.0
d6ffb88e2b,0.0
53035e2857,0.0
bf58ec9a2b,0.0
2be105c7f7,0.0
31cd442c64,0.0
ba56bec889,0.0
95b381b249,0.0
00165430c3,0.0
85d9b2755d,0.0
1e016bbf3f,0.0
55a13cdcbe,0.0
ca48ca7852,0.0
133348ef46,0.0
ced3f6a4e6,0.0
a65d334732,0.0
5edc271fe8,0.0
b1e5960644,0.0
d678143eb0,0.0
faea3693e7,0.0
930fd53734,0.0
ac624c72fb,0.0
13a86fb155,0.0
a46a76d82d,0.0
ec8b80ccf3,0.0
a8a810ec8d,0.0
405f53dad2,0.0
2fc4ec9588,0.0
af3b6f2cb6,0.0
5b2597ff4e,0.0
e0ad1a0031,0.0
343a0c4cbf,0.0
fcf42e4214,0.0
09aa303e22,0.0
91e9e1c07d,0.0
c344d67d99,0.0
16a0291644,0.0
dee77e9cca,0.0
5e79ac6182,0.0
0ba124ee33,0.0
76519c4b1d,0.0
cb1b20b7bb,0.0
0ef7fc0c74,0.0
727b5e089c,0.0
fbfd7f144d,0.0
5c716ae233,0.0
2ecb837c1d,0.0
74a9205b48,0.0
cff80e17a8,0.0
38d74a4b9f,0.0
cb6f3d118e,0.0
a48cbc504a,0.0
69d9ef5f38,0.0
029e8bdb93,0.0
d9e3d7af1e,0.0
c0e755634c,0.0
cdc248083a,0.0
256da0f596,0.0
86f8f39a2c,0.0
4adb9fffd4,0.0
e36d2bb145,0.0
e755713ada,0.0
3e65465d5a,0.0
8d6034285f,0.0
66497ef79a,0.0
3ab2cc4091,0.0
5b5443523c,0.0
e5d9227e23,0.0
1da7dd37ea,0.0
4ea9d9ccaf,0.0
2821f28351,0.0
d4c93935ed,0.0
a172bfaeec,0.0
4eb6c32600,0.0
0d4e0efa6e,0.0
8fd15634bc,0.0
e1ef1a969d,0.0
00d474e9db,0.0
6454d6fa42,0.0
30442c80f5,0.0
c234f2f464,0.0
f9d81f5e30,0.0
4348efedb3,0.0
fcd1f4b3b6,0.0
bf988c1c99,0.0
be4dbfd781,0.0
a3ae969e55,0.0
3d93406940,0.0
84a0c3b7cd,0.0
e99503ba4b,0.0
b1d86fa659,0.0
223d06fc09,0.0
2a0242c8e5,0.0
678d11792d,0.0
1240f75191,0.0
7508dd3486,0.0
210d7510d9,0.0
d9963c0259,0.0
8e89bd4198,0.0
9f7c1d81de,0.0
0da428eacc,0.0
e2fee93047,0.0
15eedc57c1,0.0
4c402b478d,0.0
1ffbe75479,0.0
7005caa2f8,0.0
eb214afadb,0.0
5787cdffc8,0.0
ddc93917ae,0.0
761bbf7bae,0.0
4f6efd0885,0.0
de9350a500,0.0
a4217988cb,0.0
cba691b0ce,0.0
86dbcaacc6,0.0
c1ea51ea51,0.0
bc57d61059,0.0
bbc495363a,0.0
b253e52022,0.0
09d4ec2d8c,0.0
e4330ed829,0.0
5cf14da24e,0.0
1cf6b9eeae,0.0
1c76c28b01,0.0
132bac2962,0.0
1d2f571a7e,0.0
e0fc5ef035,0.0
0d22110b45,0.0
812a7c4963,0.0
c7689c1955,0.0
2869b67f0e,0.0
ed82f271e8,0.0
6206868aeb,0.0
a94c30d160,0.0
218753572d,0.0
21bf48c22f,0.0
ba97f9d781,0.0
a2125011a8,0.0
da57de5026,0.0
a073c1bbd4,0.0
af2eb5ed1e,0.0
ab7fce6f5a,0.0
fbc33ed155,0.0
00999ce066,0.0
37241e8762,0.0
c0a3238a17,0.0
2f994ab6ee,0.0
039af294d0,0.0
3007f74a76,0.0
c6d43329b4,0.0
d1685c32b7,0.0
897d88d1fe,0.0
c2af9e5db9,0.0
be0e9ea311,0.0
d85223c222,0.0
ee0d5415dd,0.0
611a741abe,0.0
5b811e44ba,0.0
b90e23fed3,0.0
2b2059c9ec,0.0
9fcbcee84b,0.0
dd6c2eb767,0.0
d540ddb1c3,0.0
b1350cd859,0.0
a898662fb1,0.0
141774aa35,0.0
0cd607f24e,0.0
6548d7195b,0.0
302d26c565,0.0
2eeeee9284,0.0
9a71ea7908,0.0
4f343c7293,0.0
adbf616071,0.0
252fecb8be,0.0
a8cb017e1e,0.0
54d8a45c1d,0.0
9ac7a852d6,0.0
687a511b26,0.0
911dd3f27c,0.0
445d664034,0.0
034bf1eb23,0.0
2cef9a59a2,0.0
ba4fdd2194,0.0
146bc7191c,0.0
f5ddcec228,0.0
55c95d749b,0.0
386d0e0996,0.0
a79c20a529,0.0
5dead6a917,0.0
1fb313930f,0.0
7899ce68d2,0.0
32ebb663d1,0.0
4a258a45f2,0.0
b02a787cee,0.0
468c5fa80c,0.0
427797e737,0.0
580b0109b6,0.0
2a13a1a569,0.0
d1824e3fb6,0.0
124a1ddf82,0.0
57f4f8f41d,0.0
a264189cd9,0.0
aa4caf9024,0.0
6814925978,0.0
155bd55f9e,0.0
33c4d1f391,0.0
ac32453de3,0.0
27fe731d09,0.0
6f9fdca55f,0.0
89c30555ca,0.0
28301098b8,0.0
2396a00510,0.0
6a27905b34,0.0
982a5ce954,0.0
7386729a83,0.0
14c15c0697,0.0
aeee4527e4,0.0
8a0f8941d1,0.0
105db2c50d,0.0
f5bf461bd1,0.0
ef53283637,0.0
ee298edf70,0.0
4d426463a0,0.0
ab6a7546f1,0.0
f896ee25d4,0.0
99b8bf401a,0.0
d4714ca83b,0.0
d4432ed211,0.0
4ae984f00f,0.0
99b62170ea,0.0
71de733084,0.0
a94163bb25,0.0
20e2f9033b,0.0
deba4874d0,0.0
dc968af6d0,0.0
9d77e406ac,0.0
efbef02226,0.0
6942ec72a8,0.0
e248dc9135,0.0
59bee87fc4,0.0
d4f1260268,0.0
1572240498,0.0
faf9a11165,0.0
be6e436f32,0.0
50c42e3b29,0.0
fb0aa38158,0.0
9ee634eb88,0.0
44d42a97e8,0.0
4d7c69a422,0.0
aab448e98f,0.0
16fb1a8b1f,0.0
eb4180e86a,0.0
c164d4f663,0.0
f4fc1878e9,0.0
86fa904976,0.0
699dca7cd5,0.0
4df4ac5817,0.0
eeaa44e8f7,0.0
650a822924,0.0
0b0eaa457a,0.0
68b23ae9a0,0.0
1717c97325,0.0
646c98c2fa,0.0
66301e18fb,0.0
18dcfa1a7d,0.0
7705387b76,0.0
805c465a04,0.0
02c05d4d8e,0.0
513b5ebb37,0.0
c90f98e4d1,0.0
1ae27a8332,0.0
b81daf5da8,0.0
fd970ce9b5,0.0
8afe1695c1,0.0
aad86a466e,0.0
1a145f5ea6,0.0
5da10147fe,0.0
c16fd496b2,0.0
267e57ac2c,0.0
feedc70c83,0.0
0171ba4235,0.0
9eb715b3c3,0.0
b33a8ce445,0.0
0d472b2128,0.0
039778a2f4,0.0
9e2f7cf692,0.0
4c375cf264,0.0
d690ea4fba,0.0
374bdd433e,0.0
41ef832a6c,0.0
20207d96c8,0.0
3e2c132796,0.0
f8ad016625,0.0
a8980fd52b,0.0
3ede9fc2ec,0.0
1447da0776,0.0
6cfe882d8c,0.0
b1d190c034,0.0
61b9599286,0.0
be1915dc24,0.0
14a15eca22,0.0
839cae06ad,0.0
61967df647,0.0
e228ec6091,0.0
ba95021c2a,0.0
972217809e,0.0
d549e95542,0.0
f250dc79bb,0.0
cae6da0fc6,0.0
d0b0be0dfb,0.0
9e937cd7d6,0.0
16c425d02b,0.0
4a7238e29f,0.0
ee41675341,0.0
e87b7d10a6,0.0
9c0dcab482,0.0
10d23bbc00,0.0
f2fbe30901,0.0
61abfc6157,0.0
1a359330b2,0.0
dad7dc09a7,0.0
7bdfc49da4,0.0
da4a6194a2,0.0
8475a46098,0.0
893270548d,0.0
0bf344a541,0.0
2ecb7908ea,0.0
7667a5a78a,0.0
a8c403ba4b,0.0
2dae6f6735,0.0
648a0deacd,0.0
d484e9e7ef,0.0
fbb1317ebb,0.0
af25f32dfd,0.0
1aac5792a7,0.0
255deb444e,0.0
3d4d4c268e,0.0
a0888ac07e,0.0
edb5d37799,0.0
a3792bae47,0.0
194356c7ea,0.0
7fdbdb793b,0.0
d34cfdf833,0.0
091cdd3447,0.0
9673023f3d,0.0
86d551b672,0.0
6353aa5bd1,0.0
252bba97a7,0.0
297bb7ad2d,0.0
e980e6846e,0.0
86fbc87967,0.0
8be35b505f,0.0
aea65fb18c,0.0
efedde397b,0.0
d6e8d66f32,0.0
4ab68e87ea,0.0
704cdfeac2,0.0
62ae49f2db,0.0
0a3b9cf22a,0.0
4e808f84d5,0.0
791e76997c,0.0
9419f1e7b9,0.0
8ba72b4b89,0.0
f4f0bcfc9f,0.0
d6f33f0fc4,0.0
ca12850783,0.0
a64fff8059,0.0
3afe5db7a4,0.0
403768ef08,0.0
c225b3a62c,0.0
445d887412,0.0
91f92d8481,0.0
362c86c08c,0.0
03c3a2b8a8,0.0
60909d3bf4,0.0
09b7a7e881,0.0
e0120163ca,0.0
9958f0b792,0.0
2a61f79d42,0.0
939ccf6e0b,0.0
1c55eb28c9,0.0
786130e4eb,0.0
404e6753ee,0.0
6bb2126833,0.0
7262eaee23,0.0
663a58b57f,0.0
30fa4d7927,0.0
0b4d61b99c,0.0
b7b9917c96,0.0
e27335e0fb,0.0
e7fbc2f4f0,0.0
e52d82953f,0.0
2343dbf9f5,0.0
037ffc38f7,0.0
6218dc2004,0.0
e8a3de38b3,0.0
e8b5c1d534,0.0
098359b501,0.0
cc1e48dc12,0.0
125b4ca75f,0.0
de91f1cc86,0.0
dea31dddf9,0.0
e4c14c5b07,0.0
3563ddfb89,0.0
eae24b368a,0.0
94c56947e4,0.0
8f43ebf63a,0.0
32ab9fcfb2,0.0
47a87c88e2,0.0
a007e9388f,0.0
8c70838b1d,0.0
168e07202c,0.0
d833c3e90d,0.0
b42fad5bb2,0.0
de9cf129fe,0.0
def9dac9f2,0.0
0501f9a908,0.0
b37cf79a13,0.0
6f51feb76d,0.0
0231a338f1,0.0
487baa78dc,0.0
3cbeea2f8c,0.0
f140ccfc39,0.0
0aadfd5a44,0.0
203a08333f,0.0
080160acda,0.0
2f8129af1c,0.0
01b66547c7,0.0
b746041b8f,0.0
99be749370,0.0
6e6f28ebec,0.0
7b16d29c13,0.0
d6e221f28e,0.0
277057d899,0.0
679a142459,0.0
2fe7799006,0.0
00fade9e08,0.0
4cd3709798,0.0
b6696f4fb8,0.0
4fae5d131e,0.0
365abef967,0.0
cd98805362,0.0
530ae754f8,0.0
b1570147a0,0.0
2e675c89b1,0.0
c808fc6713,0.0
59e65981cb,0.0
ec13cfa555,0.0
9a261ff178,0.0
2a6ec6c63e,0.0
759744d7c2,0.0
f6d51f135e,0.0
2d105dafbb,0.0
b1b3194b78,0.0
f1cd38efd2,0.0
97b0f0d92c,0.0
e8168eea1f,0.0
bdb8017ddc,0.0
837f3657fb,0.0
d451a57f1e,0.0
bb027bed5b,0.0
92025a79d6,0.0
765c8d2e38,0.0
9613180a7b,0.0
cc25dc159b,0.0
f0e160578d,0.0
3f274e5fd4,0.0
90df5f9733,0.0
1e6c49c8e6,0.0
0a791949b0,0.0
e472b0853e,0.0
fd2e382a28,0.0
943ebf29c9,0.0
4244d4a752,0.0
86300f0961,0.0
c9d7a80e75,0.0
bf0ae5df45,0.0
61bff7d1d9,0.0
f9aa5532b2,0.0
3c02b9427d,0.0
4acf8db1e9,0.0
c51dd4b7db,0.0
ddeaae6efe,0.0
41d8516f61,0.0
c1ebe2826a,0.0
dc8a075ce3,0.0
ed4b523403,0.0
f6f16399ff,0.0
50aec08925,0.0
b033bd1e59,0.0
2df14484d6,0.0
7706b3fc3a,0.0
89e449f09f,0.0
18eccc96f8,0.0
2ad3b38a11,0.0
f8ee674f19,0.0
beddc62f11,0.0
1357ac134c,0.0
e452437ff4,0.0
20657266a7,0.0
d81e6521cb,0.0
f15dea0eab,0.0
4e4ba3689e,0.0
888e96285a,0.0
8517898113,0.0
36433f35e2,0.0
2fd867c0cf,0.0
72c3ab6e91,0.0
aeb1ebdd9e,0.0
2ea95b0f51,0.0
b253b03c29,0.0
9f4216f026,0.0
238b7ef74a,0.0
d049aa4cbf,0.0
898c77ec6d,0.0
1e1752bdfe,0.0
f401de0868,0.0
cc19ada273,0.0
d72b9d8d1c,0.0
7871db7a7b,0.0
0dfdeda8b2,0.0
bc788739f0,0.0
a27b293e90,0.0
95fc9b1d8a,0.0
fb2b8cfaab,0.0
7e9f03324b,0.0
ee75f724bc,0.0
7266108c95,0.0
e0c9ae33e6,0.0
e8e47cd7f8,0.0
85b25bfd15,0.0
d48f0ddddf,0.0
1faca4b844,0.0
25536cb711,0.0
02a56695f1,0.0
ec0e1e9b75,0.0
b0be530001,0.0
174c2cab92,0.0
1dcc667aac,0.0
0353c1d791,0.0
1c85a24ecf,0.0
503dbc9fb7,0.0
ad43cbed91,0.0
0f979bc572,0.0
f0a2e73436,0.0
ba5c1b6254,0.0
6103f9f5e0,0.0
c183dc9867,0.0
9d23bd68eb,0.0
456aaeb36d,0.0
d27337d3e0,0.0
99c878a4a1,0.0
724229d680,0.0
ef7328bcca,0.0
bbd7b27fed,0.0
7d5c0c5c58,0.0
ba35a987a5,0.0
261fbb71b1,0.0
829b6a18bc,0.0
4f599c045c,0.0
cdd56babd5,0.0
49abb52d56,0.0
94a11686ea,0.0
2479555d14,0.0
2df7c806a4,0.0
126c20e9c5,0.0
b612b2dae0,0.0
0e4b98a3fe,0.0
1c939fc5e0,0.0
8142b85bb2,0.0
36adb3e965,0.0
6f7ff78c53,0.0
1623f46561,0.0
0b53db111a,0.0
c2dcc1dfdc,0.0
df29d6e251,0.0
70cc057487,0.0
74ff4757eb,0.0
4aaded6fae,0.0
e11ac9cdd6,0.0
27cf8226e0,0.0
779fab70da,0.0
c59dca3204,0.0
63eaa3955e,0.0
c3dfa755e8,0.0
573ff3c8d0,0.0
7bb1ea36d2,0.0
b095db8dde,0.0
9149b04f95,0.0
b93ae5de00,0.0
70ba06b1e0,0.0
63e85992eb,0.0
a7a91f5b81,0.0
8dd1d4f55f,0.0
934ffa3d7a,0.0
bdf1ea69d6,0.0
974239ec7d,0.0
fd18cfb555,0.0
acb03d6e90,0.0
ee048f62d9,0.0
2aa155d5c6,0.0
4a42520c56,0.0
332561a0d3,0.0
ff3e72ba89,0.0
ca95a7e336,0.0
b7f97dd053,0.0
cd2061310d,0.0
2b3455efed,0.0
c14424a0f2,0.0
dd1eb32d1b,0.0
b8281bcc02,0.0
b03111a584,0.0
7d8151e9f0,0.0
467a08c1a1,0.0
99c423e313,0.0
e0004115da,0.0
e1197bde1b,0.0
24f32e3940,0.0
6355f2d321,0.0
a9b63806a4,0.0
b3877c40ca,0.0
3eb5c9487e,0.0
14c7f2197c,0.0
3adba94630,0.0
d9712605e9,0.0
407e19100c,0.0
0155379c55,0.0
4ede5a42f2,0.0
65f16692d4,0.0
c911c7bee0,0.0
eea5e252f5,0.0
c5edefee57,0.0
0e4e54e6f1,0.0
8bd5613f09,0.0
e7b1cc620d,0.0
22e056e64a,0.0
303bcfc7ee,0.0
626cf6d2d3,0.0
dd9bfda07c,0.0
773c10e38e,0.0
4b0bd2005a,0.0
e8e6d39a54,0.0
6a7e89b65f,0.0
838cb09b15,0.0
537adb4126,0.0
d6a594053b,0.0
3c3144d77a,0.0
59cf9c6935,0.0
a0bca38864,0.0
4f7ef30ea7,0.0
6e6af7fee2,0.0
f7f7e28dd1,0.0
c101963745,0.0
4688d9423c,0.0
a1dc4bda61,0.0
86e6db79e2,0.0
a234f96165,0.0
e008412219,0.0
d66871d2fc,0.0
580cce8336,0.0
8667e9c22b,0.0
a5f7ced127,0.0
617b9245e0,0.0
85648c96b7,0.0
b996152444,0.0
0fca8d8617,0.0
41e4739b02,0.0
0964396176,0.0
7df1381ec0,0.0
86f0190b66,0.0
912cf2b1f2,0.0
45b3f3ff8e,0.0
e34dbae3ab,0.0
c9bbb283f1,0.0
654a94461f,0.0
2e9bda2dd7,0.0
e59560439c,0.0
23b5f78cdc,0.0
ba3f0bc1c3,0.0
533df87780,0.0
bf6cb85e4b,0.0
f7339f3642,0.0
a43b467a14,0.0
ac6d0abb1d,0.0
5899417cd9,0.0
cd8ba918cd,0.0
b1ef8d6740,0.0
05484253a8,0.0
2f4f15e327,0.0
2822b3d5b7,0.0
2b6661a722,0.0
ab66043f9b,0.0
cbe2c71d99,0.0
bb5ea2c9b5,0.0
2515dd584f,0.0
f8aa6becba,0.0
1737603ba9,0.0
65d754e89c,0.0
51db3432f9,0.0
3f1bc66d57,0.0
704400d9ff,0.0
77b7b8f871,0.0
0f167fefb8,0.0
8c2006c7f1,0.0
1f4a8fa56e,0.0
6b6ccc1dbd,0.0
9674e0709b,0.0
c44706d1b4,0.0
11330f5f3d,0.0
dc57ac41b1,0.0
296a707425,0.0
abff4d8f6c,0.0
0cd1c4b839,0.0
f91dc3d361,0.0
17ea26347f,0.0
576294d41b,0.0
340f62ae27,0.0
c3fc079a88,0.0
4379a78015,0.0
45cea6a9d8,0.0
e1a0226292,0.0
67e4ee1396,0.0
d5a374d9e1,0.0
435799439b,0.0
55450063a3,0.0
e0685fa7d0,0.0
1b3b93b5f0,0.0
d7c4f1f3f0,0.0
e9fb398dd8,0.0
665d92c906,0.0
dc9bc5c4b3,0.0
1efeb3670c,0.0
06a425f0b7,0.0
ce74ad0ec5,0.0
293c7708d1,0.0
6d33c4d022,0.0
0c23c2a622,0.0
35112f31bb,0.0
d29fb6c061,0.0
ba60f75b19,0.0
e07d61387c,0.0
88cd1f39fd,0.0
05c8e9814c,0.0
c09284b4ca,0.0
ffdebce138,0.0
b525b8efbd,0.0
2fb6af4232,0.0
b584460cc9,0.0
2bda4f9b70,0.0
f006fe6415,0.0
db19cd0e1c,0.0
c25304218c,0.0
fd90ab6467,0.0
d8d5eadc72,0.0
54a873db8a,0.0
9d2ecd6c9a,0.0
4dc00bef3a,0.0
ceea4599ff,0.0
799263155b,0.0
cb6a7db04f,0.0
e2acdcad07,0.0
1171c0042d,0.0
accec0905f,0.0
a8da721a13,0.0
16c1da1a6b,0.0
5590221a63,0.0
b1e4b0b518,0.0
649bd697c9,0.0
c020ab06f2,0.0
1225661737,0.0
5de1f35f54,0.0
70ba66fbfe,0.0
c48ffd8acf,0.0
9a9d098022,0.0
4d37c12c4c,0.0
e4a2139afc,0.0
e2c0763710,0.0
cbed98e002,0.0
3913b8fef6,0.0
705c5acc29,0.0
69ea3f9648,0.0
fddfd44f8c,0.0
4e83a3cb99,0.0
f6e7bf88a1,0.0
8d7da77366,0.0
ee3f8642a4,0.0
f986a37e6d,0.0
80500853ff,0.0
ef5956c884,0.0
dc81eb87d0,0.0
0a4069b448,0.0
5b4c8aad11,0.0
d08bf07785,0.0
75bf871a8b,0.0
9be5645850,0.0
abab4147d9,0.0
b73bf38978,0.0
bdbd5dd1a1,0.0
6feae53ca3,0.0
d367d1daac,0.0
cfb0ca0bfd,0.0
e40c0ab1cb,0.0
83bb439732,0.0
ffb01f406d,0.0
ec760fd903,0.0
7dc871394c,0.0
f5f33aa212,0.0
540df1beb8,0.0
e0c93be011,0.0
79c302e5e1,0.0
e4fce197dc,0.0
2375f4b56a,0.0
c53ed2abc0,0.0
59e423c706,0.0
0739f6dec2,0.0
0ff6b7b110,0.0
e8b9af91e4,0.0
0a8c34bd41,0.0
702fdc9d25,0.0
8218393ce0,0.0
44d23c7ccc,0.0
68cdf9dfd7,0.0
037544d9f6,0.0
d6b5b09919,0.0
a915393d7e,0.0
ff06664312,0.0
faf50418e9,0.0
d07ccfd101,0.0
28bbfcff3a,0.0
66e672a316,0.0
3fbe3a4cad,0.0
7bdece4bfc,0.0
98c5348bf2,0.0
29980f80ec,0.0
61f46bf3e3,0.0
a40e88f4b0,0.0
6717c48bcc,0.0
c4e24609aa,0.0
5915eadb0a,0.0
07ccb43c42,0.0
e508c07f42,0.0
94d9f937b4,0.0
119072743b,0.0
edbb2c85ec,0.0
77cac55024,0.0
1eba141203,0.0
a94e3a9442,0.0
6dbe24f615,0.0
6f753a0d9d,0.0
9fb29e0e76,0.0
44cde65a88,0.0
340082bb96,0.0
91f3ea492c,0.0
24c9ccaca1,0.0
1ee7034106,0.0
39f493bf04,0.0
29fda76e1b,0.0
e28cab9fe7,0.0
26f96c6f69,0.0
b19e22f765,0.0
e5bfbb0dce,0.0
e6397d89fa,0.0
75762a00c7,0.0
72948d4995,0.0
b7ef0939e1,0.0
2f110809b4,0.0
01fbdb77f0,0.0
bda967b930,0.0
9539b32981,0.0
ef6107c895,0.0
29791dd156,0.0
3623e36c06,0.0
cf04c7263f,0.0
ce5f8d3f54,0.0
a22db3acc1,0.0
0470564ffe,0.0
36655ab7e3,0.0
904b99c414,0.0
448c7d73bd,0.0
3fd6d53eab,0.0
bec595c8ee,0.0
db8cc090dc,0.0
0da34c978f,0.0
14a6d01d43,0.0
c37dca87d7,0.0
ce7eee6d97,0.0
bcc58a0cf5,0.0
916c5a8ffc,0.0
e675735ae0,0.0
80da533f94,0.0
fbd02fb4c4,0.0
5889722309,0.0
70261ee875,0.0
eb42b295ba,0.0
ff700057b4,0.0
ffd00c101a,0.0
3f9ec31f96,0.0
885dc36542,0.0
6eecfc6dd0,0.0
15e8a68cdb,0.0
c42eed8072,0.0
5a44d0dd8f,0.0
12e172a6be,0.0
c7a2a92368,0.0
a1206b3481,0.0
af61403949,0.0
430d10150b,0.0
c14ddbce3b,0.0
af2f59db4e,0.0
06dbb12a17,0.0
cda54df6be,0.0
db61412ea7,0.0
ed024e646b,0.0
58a1bf5b4e,0.0
5d1d2790c7,0.0
f376327fa7,0.0
7291a2baeb,0.0
702ddbce28,0.0
2a5f891658,0.0
92b6e5c013,0.0
fe24baa184,0.0
e52aac5927,0.0
5d867cc6b1,0.0
c0fb1b80b3,0.0
c6dc8643ad,0.0
894ca5e38a,0.0
758eb1b540,0.0
39fc3cb7e1,0.0
b422b866a0,0.0
af033efff4,0.0
eaf5b0ebce,0.0
d87c98dd37,0.0
5c58fe8832,0.0
ac297444dd,0.0
fc8d7f432e,0.0
dd8f40494b,0.0
0d2b388a00,0.0
f61b2bd4cd,0.0
2c378e5112,0.0
cc49026daa,0.0
ee2a67052a,0.0
63f49c57c9,0.0
a965ff59d1,0.0
185ae0cbeb,0.0
c05c8cca71,0.0
37f3cd8177,0.0
42a29178bc,0.0
ee297f6dc3,0.0
a07cd0397d,0.0
d7e32a56c0,0.0
6a3f07e79d,0.0
0dd6e481cc,0.0
4c1644c1ba,0.0
8ecee1fba7,0.0
e76c5fcd1e,0.0
035696de8e,0.0
61c606474e,0.0
65952fa8e3,0.0
504b79628b,0.0
5ef09d7120,0.0
37ed8e4760,0.0
de7519edf1,0.0
63f6292de6,0.0
619279daf7,0.0
a8c0f26aec,0.0
c13a691dc8,0.0
de194057db,0.0
b81c8f6781,0.0
353a9be971,0.0
2186bff5e3,0.0
e486298775,0.0
5edcb9289e,0.0
73c6e2a7c4,0.0
bbbfb2c3bb,0.0
afeff84d98,0.0
ec0159eeb0,0.0
4bb293c423,0.0
ff4f3887de,0.0
d9702d58b7,0.0
fffb42b538,0.0
9f85190b42,0.0
c8af449b39,0.0
eabca1ab6d,0.0
b6abc22d4f,0.0
dbef1bec46,0.0
3f92677735,0.0
f76e27a538,0.0
ab60880966,0.0
a6ec53e074,0.0
cc9be731ac,0.0
02393f3a9c,0.0
325dcf95c7,0.0
1e16a68325,0.0
97b32f1232,0.0
cb870a0cf0,0.0
679d8b9a58,0.0
c4a4fa4ae0,0.0
131a282d75,0.0
10d12e65a0,0.0
95d9161d90,0.0
1f2bf5f7f0,0.0
aad605cdc0,0.0
0fdf209b87,0.0
724b87d298,0.0
8269b55931,0.0
43a5caf661,0.0
c1a8839c1f,0.0
a86479da0a,0.0
035fac0117,0.0
58c20bc973,0.0
a36fc09096,0.0
cdef571a42,0.0
e643eff32a,0.0
877ca5b89f,0.0
20e237cd97,0.0
be8e7e3a6e,0.0
03d5c667f5,0.0
638dbc45e0,0.0
c1fe60cbf8,0.0
73fc717c63,0.0
84809ce10b,0.0
ede9ef6dd6,0.0
7f0a384a29,0.0
2c21663f17,0.0
77900fbda5,0.0
156f519683,0.0
0bcc501ada,0.0
fb558fa0b2,0.0
1ccfbb82c7,0.0
aed9b576e9,0.0
6c4be14312,0.0
f74ce53b2b,0.0
740286aa2a,0.0
1b79505be7,0.0
d8257c5320,0.0
6648ecf8c2,0.0
066f08d1df,0.0
98e2595f48,0.0
6d95c29d79,0.0
5f1e7f90cf,0.0
29629147b4,0.0
5a2a066ae8,0.0
ed2b850e44,0.0
e0d18d611a,0.0
43b4a23f63,0.0
9ff4fd2230,0.0
020844be9e,0.0
be1f374cc7,0.0
cfc966ae6d,0.0
1ccdfe1976,0.0
6c4a0def95,0.0
21b6a557f2,0.0
5baa0918f9,0.0
c12e758ae9,0.0
6e6fbb3a63,0.0
7e208b11f7,0.0
8920afb2a0,0.0
097bf15003,0.0
fc04881a6b,0.0
93e9195aa1,0.0
6815097321,0.0
440e1081ee,0.0
9cc04881fe,0.0
dbd654fe39,0.0
320af531d4,0.0
28781a4be0,0.0
d0e2baadab,0.0
1caace55a0,0.0
5a32a74109,0.0
027d593543,0.0
3f3dc3d9db,0.0
7cd6ca3e18,0.0
30406b8e57,0.0
3d19c4f0ca,0.0
b783cd9bb0,0.0
2487f5da53,0.0
ff81d5d563,0.0
f9dee7b242,0.0
2377e90f0a,0.0
79f170d589,0.0
61dd3cdcba,0.0
54a14cf160,0.0
dfdb466378,0.0
46af6dd1aa,0.0
4f66db1549,0.0
f6883a18d5,0.0
fcd5eac0bc,0.0
4579290e39,0.0
0c4098e1b2,0.0
43a3069d4e,0.0
22430e4b19,0.0
722af6f93f,0.0
78506e69f5,0.0
903fb5ce8b,0.0
ce727aebe9,0.0
44f202809f,0.0
281c97e589,0.0
9b76e38c93,0.0
8a727df88e,0.0
fb6c70d9a7,0.0
6e96108551,0.0
791bc189e7,0.0
679e15a87c,0.0
ab809a3704,0.0
d6046e9226,0.0
41ac64156e,0.0
1a525b8c28,0.0
b6ca34a4b9,0.0
fb275b3b44,0.0
e2b8c206ea,0.0
4bb7ffa8fa,0.0
c0e1673ce0,0.0
ada2617810,0.0
6c2392576a,0.0
de634101ea,0.0
b3ee94a873,0.0
6d326b051c,0.0
e83532bf6b,0.0
9310f7fdee,0.0
77238d203e,0.0
c68a528d7e,0.0
b43f41c8cf,0.0
dedc766884,0.0
75bf67e2de,0.0
40a8eeb01d,0.0
2fa1fc2a01,0.0
6729dfe6b9,0.0
4bde06f480,0.0
b1c7ca8e10,0.0
44707dc49a,0.0
ea188ac54f,0.0
461ce26102,0.0
4f4bdb196f,0.0
8c10772691,0.0
8ca1f1df37,0.0
c2dc962720,0.0
6b4df81fbd,0.0
a4315f0776,0.0
c04d807d1e,0.0
bf1cefceae,0.0
9b8ed4cc31,0.0
b23e4cce37,0.0
cacdf8b08e,0.0
693a5effba,0.0
0a7904f207,0.0
6dac4eaaad,0.0
1ea8f98165,0.0
22b170427f,0.0
8a496af84a,0.0
d171cd7acc,0.0
82924a4034,0.0
6058464b26,0.0
88891d20a5,0.0
7537b19cc4,0.0
c50eae6658,0.0
d44f9aea3f,0.0
89b56d8564,0.0
5f98e98986,0.0
e60deb77de,0.0
fa037c95e9,0.0
80b654769e,0.0
219c0bf1a3,0.0
03916dccba,0.0
295c9e1199,0.0
dbeceb27c8,0.0
b33079b5a5,0.0
0ab94e030c,0.0
424104a174,0.0
280febc53a,0.0
ef4d6731c1,0.0
c1770e7050,0.0
49ff2d8c0f,0.0
9f95c60c1a,0.0
bf0edde55a,0.0
18efcc8d9e,0.0
9a7953fc21,0.0
aa2c149c27,0.0
63edcf8033,0.0
3a3e1d41b4,0.0
35d36ed549,0.0
eba5347e9c,0.0
f57703fa50,0.0
65a29d2a07,0.0
74855dc4a6,0.0
a98e782562,0.0
12f0beebc1,0.0
22ce507b68,0.0
00530c41c2,0.0
39182627a4,0.0
23ec502f58,0.0
c3514e7371,0.0
1555a2bc86,0.0
56289e8611,0.0
fea338cd59,0.0
858bc87902,0.0
402f412625,0.0
5c0599eda1,0.0
af78edb98a,0.0
d589d7bb3b,0.0
25cfa45df6,0.0
89b1c10932,0.0
a878364706,0.0
69a4c90717,0.0
05e1c9cdfa,0.0
7c427cf117,0.0
dfa818c8e4,0.0
85d8997822,0.0
9ea92f98f2,0.0
940a42a12f,0.0
5089686f8d,0.0
2cb7f7a7f5,0.0
574965b374,0.0
9625bb68d1,0.0
7c1a5ebdca,0.0
1b41928cb4,0.0
eb0241546f,0.0
5b31c8aa12,0.0
063bf09e46,0.0
383ad32caf,0.0
63867a2706,0.0
45463e5a5c,0.0
754966662c,0.0
db2e568e7f,0.0
d3a8b1aca1,0.0
e0bb8aa419,0.0
196481bbe5,0.0
5ede64ecb6,0.0
409dc13684,0.0
62ea19d347,0.0
23dfbd4c46,0.0
a5f637ed4b,0.0
fe4844393d,0.0
623bcbf01b,0.0
a32c0446e1,0.0
caa639e2cc,0.0
7fd4e4eacb,0.0
5f2eb7e4a4,0.0
8e978cfc94,0.0
f418a8cc86,0.0
2653ef0bae,0.0
da46d7cc69,0.0
07c6c62058,0.0
03cdfd0c0b,0.0
4e6df730e8,0.0
04064047f5,0.0
15a857a6af,0.0
b39f65b768,0.0
9499e2e677,0.0
f24d9b156c,0.0
c65ca5b497,0.0
24512fee6f,0.0
e1cd6a32bb,0.0
4e00c15f9b,0.0
105bdf337b,0.0
31410afa00,0.0
3425c8946d,0.0
6285a8aed7,0.0
ab5f0f2ffd,0.0
0e4dcea995,0.0
bbcf190496,0.0
322724ccd2,0.0
b89f768ad8,0.0
0e3b780780,0.0
b18fcd3e69,0.0
8791e9be39,0.0
9548cc9ea8,0.0
d4b785ddcf,0.0
ef337355b1,0.0
20cbd52e4b,0.0
fb4e1366b4,0.0
d91d88894e,0.0
3477f646ad,0.0
90cd17626d,0.0
e9217a634d,0.0
5e76832867,0.0
09e7ef1b7d,0.0
90cce2d928,0.0
2f0208b6c5,0.0
798c68c87a,0.0
81a5bc357e,0.0
1528bb393b,0.0
a2bb3f8138,0.0
f9c805d36a,0.0
1587ebfc75,0.0
63d08c265f,0.0
e5d678fbd6,0.0
f3ff90431c,0.0
28c1750182,0.0
8592a77ce1,0.0
e1ad782724,0.0
5aeef83baf,0.0
f9c4d5926e,0.0
82c813a518,0.0
7820adb723,0.0
df6efbb508,0.0
9bbfd8d6cd,0.0
dade429401,0.0
09b3845ab6,0.0
90861cdf39,0.0
7d2bf1ac89,0.0
e86e12530e,0.0
ac02b79cd9,0.0
994e815fef,0.0
ddb88491a2,0.0
4bc5d9ab1c,0.0
a9dee1e266,0.0
4cc03af7f5,0.0
666b00cd7a,0.0
812ba1e12d,0.0
17fec44f3a,0.0
846b34fafe,0.0
921fb09bbe,0.0
079bdd8930,0.0
add0f3695b,0.0
be2ad06d22,0.0
418c72d6c8,0.0
2856c22ed5,0.0
a8facd2761,0.0
de8eee2eff,0.0
65a6cc963e,0.0
18ebaa2a25,0.0
8e5523fefc,0.0
1d5910f0c3,0.0
a846a42070,0.0
39a00de55f,0.0
aac7f6809d,0.0
cb8c91282a,0.0
51e4bd167e,0.0
608bc83051,0.0
a4a25ddadf,0.0
9ce266f1ca,0.0
f04187b7a7,0.0
5889bf3cda,0.0
17dcc22fbe,0.0
347f79cc9b,0.0
112eb68a69,0.0
f3eede1096,0.0
fa166130f9,0.0
17c1c3dd3a,0.0
9a95c9cc02,0.0
31a7702c71,0.0
0034f3dd03,0.0
a0dfd4d6e6,0.0
fadf9417c6,0.0
da973ae001,0.0
e16c78f3b5,0.0
ee8ffc83c6,0.0
19fd8e1aa1,0.0
bdc410d7c4,0.0
4dc0158008,0.0
7868d5f562,0.0
ef526a1df1,0.0
f13e2467a0,0.0
6b70e2cc9c,0.0
92aa653589,0.0
c49301c9e4,0.0
d350479fe3,0.0
dc71f97650,0.0
8f3523d0f5,0.0
90aecd0064,0.0
25bdf42983,0.0
efebf15aee,0.0
8b2ea9d5ec,0.0
425442e277,0.0
5a63450fd5,0.0
1584edc306,0.0
1e3fd07a64,0.0
164fd79ff8,0.0
3e61280ad1,0.0
56e348c573,0.0
08456c3a2d,0.0
9f7b3f0a8b,0.0
a9a812ccae,0.0
80f727b3e3,0.0
e58c33debd,0.0
727a914059,0.0
d67fced016,0.0
35f63f9a78,0.0
ae7fb9ed68,0.0
4698acf0b3,0.0
5d69646721,0.0
2b9887abb2,0.0
504e9d4489,0.0
538bef9855,0.0
34761ec10b,0.0
36bf52197a,0.0
9d6d055bb9,0.0
f3b05aaa9b,0.0
a1b33998a7,0.0
928bde5f23,0.0
e34030b15f,0.0
07e21b8bae,0.0
6aacac936c,0.0
37db57512a,0.0
b2c1937d0d,0.0
1e3c7a6ca6,0.0
8bf0963c66,0.0
ef43707f51,0.0
d585ba0628,0.0
7b72843c09,0.0
e09cc2da8f,0.0
c9a8fc4568,0.0
1834e84b63,0.0
845d4571ad,0.0
4bf69e94f7,0.0
b759286951,0.0
ba94d95843,0.0
fdd1538b24,0.0
803159adf6,0.0
b7cf64f3da,0.0
6eff9098b3,0.0
bd4fb6e7a0,0.0
c7fc561109,0.0
51256d7fb6,0.0
05b3651d76,0.0
5cc9b4aadd,0.0
52a78ea4a5,0.0
ec489b4d7b,0.0
fd9099f9f3,0.0
dfe9711319,0.0
b88432f527,0.0
9137eeda21,0.0
9913ccc161,0.0
ac7385d466,0.0
dd015eb2c4,0.0
e68d53ff50,0.0
7a9d371990,0.0
592aecab02,0.0
12d5a44597,0.0
9f88877adf,0.0
e2bf45602a,0.0
61b4de0409,0.0
fa8ccb81fa,0.0
0f345d8dae,0.0
9f1534342d,0.0
b670f51849,0.0
e4d5c32a05,0.0
5f0095a4f9,0.0
3a1b454979,0.0
56647a5c5b,0.0
28511fac31,0.0
44b8418ede,0.0
0abd412aeb,0.0
be8faae13d,0.0
a9db074206,0.0
a6cd91544e,0.0
8de95342c9,0.0
41047f9487,0.0
e2bbb37995,0.0
fed1a791b3,0.0
f6cf6cb278,0.0
feb044d03f,0.0
392f6d706f,0.0
d9234b9351,0.0
7563fd2c52,0.0
3bbd2c951e,0.0
6ed7faf72a,0.0
d5c516d2c0,0.0
04fdb3338d,0.0
306581698e,0.0
5209269510,0.0
7eb15121ba,0.0
68714c2eaa,0.0
15ac8674de,0.0
42d2f5dd41,0.0
a46062e026,0.0
cc0a0c13cc,0.0
b13e580e87,0.0
13c916187b,0.0
8e745ee253,0.0
481ffd8f04,0.0
ccc551b877,0.0
25404bd33f,0.0
b0900bb9c1,0.0
fb9806729a,0.0
a3a2679def,0.0
1d5bc96598,0.0
33b91b2a92,0.0
92e6837d98,0.0
36af4f1d12,0.0
ff97ba05f4,0.0
7bb14225e0,0.0
dfd8616464,0.0
40097c324b,0.0
5bec8aa7f8,0.0
3477863b7e,0.0
18f18bdc81,0.0
e9e1f7a751,0.0
501fad2106,0.0
a73ff4c77f,0.0
2d221a7e52,0.0
09364e0031,0.0
edd2216656,0.0
a56e18ea9a,0.0
db1825533c,0.0
98bc15c1f2,0.0
d2e521a2c7,0.0
9a98783ff9,0.0
096c78f14d,0.0
d72c7b4229,0.0
591833541c,0.0
27c422aea2,0.0
489be87425,0.0
fd43fe2461,0.0
beda84e8f0,0.0
9377360b7d,0.0
b08201579f,0.0
219a551ce4,0.0
3d670eade3,0.0
2a6ab74ae5,0.0
bcd4bc5cfe,0.0
9b3c637498,0.0
19500fbd4c,0.0
358a936a93,0.0
1672ba30b8,0.0
b6a022b677,0.0
853ed1f470,0.0
7fa0f4804b,0.0
8665c13f95,0.0
54103370b7,0.0
4b8841f01d,0.0
e2a1d829c0,0.0
7774ec7ee8,0.0
5f998f3319,0.0
194f674633,0.0
16af33f0a0,0.0
8f8eddbc76,0.0
c1d1190a09,0.0
495f91e1cc,0.0
8f6ce50360,0.0
6f4ad9a104,0.0
78d83d0074,0.0
b1ac14182e,0.0
3da765232d,0.0
ddf99a7431,0.0
b4cc211718,0.0
f353486735,0.0
ae6eb254e9,0.0
3bc75cd3df,0.0
414013c580,0.0
d7433aee85,0.0
20379b1132,0.0
8d2cb71598,0.0
e75f8a13ea,0.0
de95a732c4,0.0
d35a497251,0.0
e9479ef0f6,0.0
2f19c16b93,0.0
89d618dede,0.0
9b72b68af2,0.0
ed809e227a,0.0
cdd911fc27,0.0
dad409c86c,0.0
c7d70b9931,0.0
7432074225,0.0
ad6ad8dd49,0.0
10e967204e,0.0
88a8fbdafc,0.0
07f24adaa6,0.0
f6c92460b5,0.0
c8aeb73ff4,0.0
fe8b6933f8,0.0
c7111f30b1,0.0
c38d788cd2,0.0
dd42867f47,0.0
747f86c9fd,0.0
3494ff3036,0.0
8b4dce6188,0.0
592d603703,0.0
67a6a5ef7e,0.0
1e0e89ed6d,0.0
d0b1c401ec,0.0
31e602bfeb,0.0
9e295c1e12,0.0
146ce0c90c,0.0
922a49b4ff,0.0
aaf2963fe3,0.0
74ddc384c4,0.0
64d0eef2db,0.0
48a449230d,0.0
b284a9c1bd,0.0
763069e180,0.0
1b86587a56,0.0
f6795f1996,0.0
f07e6ad349,0.0
5d1a55ea13,0.0
535ce2df2e,0.0
7af3a69ca7,0.0
0f315d0943,0.0
715f08c9da,0.0
bb8d7e6867,0.0
e3bae0148c,0.0
17af599516,0.0
4aaac55393,0.0
fd76f5fb31,0.0
a20d1f84e7,0.0
c23e5f64e8,0.0
8f2323032d,0.0
aae4c5e12f,0.0
56a63e2961,0.0
46367f96af,0.0
5bc15f4680,0.0
60f60bb113,0.0
495ac61248,0.0
ab93b740eb,0.0
9e96b08f8b,0.0
d02c34fd7f,0.0
a27da9c7ef,0.0
680d3834c3,0.0
0fabb8deb3,0.0
779ea47268,0.0
f8c2b0f199,0.0
c02b4362f5,0.0
f245dc4a4f,0.0
759c9f0d48,0.0
ba2e0b5c84,0.0
ca83dc0c0c,0.0
da3b8c4b74,0.0
b5ac65e482,0.0
76f3031c8b,0.0
28c4059475,0.0
3d4074d12e,0.0
5318d30240,0.0
a2045a2618,0.0
168e95ee0b,0.0
b32a22e59c,0.0
c3a78cbebd,0.0
d0100522e4,0.0
d149e85ff6,0.0
af2e249ecb,0.0
49cbcb6934,0.0
582fe1ac9b,0.0
71cbccc968,0.0
acb8e0af82,0.0
f1d30e995a,0.0
3b90b8eebf,0.0
36251ecdc0,0.0
e1f255221d,0.0
9e204e5ace,0.0
ac908cde0c,0.0
de3cad4cc6,0.0
b284f3a079,0.0
1ce7b268e8,0.0
f38477ef85,0.0
222ae0a6c2,0.0
f62d7bfe3b,0.0
a43f69ffb0,0.0
3bcf4ebd44,0.0
3766673819,0.0
1314c7f057,0.0
041d389a7c,0.0
4fa568ef19,0.0
c19160ccc0,0.0
e70747ea99,0.0
bbe85f516b,0.0
a34a681546,0.0
02db620464,0.0
05e5486aa1,0.0
aeab16fa98,0.0
6ff1c16a7f,0.0
69717373b7,0.0
8a761c4bb9,0.0
061bd8a174,0.0
c5698c604e,0.0
600fb94aa6,0.0
65b28453b6,0.0
236c8d83b1,0.0
0151ac09b4,0.0
0316b90ee5,0.0
a0009aba8b,0.0
f13b9f20d3,0.0
3bc307537c,0.0
989a78a01f,0.0
0926ab4235,0.0
664c918448,0.0
7f3594b326,0.0
84aa2576c4,0.0
22d422e68b,0.0
799f189b43,0.0
08a5ae178f,0.0
ac0ec4955d,0.0
4b115c5875,0.0
332425e6ae,0.0
c14c4e27e7,0.0
e18a0ce868,0.0
bcc2c029e4,0.0
aacb0af687,0.0
dacc657594,0.0
87814fd801,0.0
d9f5e6870b,0.0
e7d864b9aa,0.0
c1cecfc4f8,0.0
54833a96e2,0.0
63057833be,0.0
c708b6fb27,0.0
042aeb6699,0.0
6a6519fd25,0.0
5fcf748fdc,0.0
65d536326d,0.0
5dd4f8a006,0.0
b6dee1409e,0.0
a47c1b7369,0.0
9ca221c4ec,0.0
e95e8b1fe3,0.0
60c42e5394,0.0
3380a300da,0.0
c4556a5228,0.0
f64ce35d1e,0.0
033fa512d3,0.0
8848429c0f,0.0
68f45b9e9f,0.0
a96d469c9a,0.0
023683be03,0.0
e04271e76a,0.0
b32996e85e,0.0
5ba2b9ec35,0.0
fd59149557,0.0
967821d910,0.0
d471a71e00,0.0
f8ac2ff410,0.0
5dc585bc42,0.0
ce25e3b14d,0.0
47c3b82242,0.0
7c3059d736,0.0
08ae28700f,0.0
abfac3b234,0.0
0ddd349a07,0.0
1d5cb8b811,0.0
b8d7c0cb29,0.0
9beb39a534,0.0
cf6b919d13,0.0
e1b772d9b8,0.0
2811bfd581,0.0
598b4a16ae,0.0
c5e63769c3,0.0
2715e598e4,0.0
e7fba03ee2,0.0
70cd03dfbc,0.0
dababfc3b4,0.0
7f6a9a55f8,0.0
51c8644757,0.0
f8592b6597,0.0
9a8571e6d4,0.0
d70350893e,0.0
7a64d7d2ac,0.0
bbd896b856,0.0
7ad8adad7f,0.0
a6bc18cd22,0.0
9ec1fd1f9c,0.0
3f43aeb447,0.0
e2aa3bacbe,0.0
f6fadc5b65,0.0
5ff223635b,0.0
1bc70ba46a,0.0
c890608863,0.0
5be54afd54,0.0
7e4918bbfd,0.0
445db3589d,0.0
fdb4d3b4cf,0.0
6ac0a4b4f3,0.0
43291d5cfa,0.0
73c112e85c,0.0
5b9533ad1c,0.0
eed5cdafff,0.0
ea5418c30b,0.0
bf8d279863,0.0
d7ddd06b76,0.0
75320b7501,0.0
67f28b22f3,0.0
40260eece4,0.0
f6bba8ee73,0.0
b3b421cb71,0.0
3ead0c371e,0.0
6172d3e8b2,0.0
ad83310471,0.0
b8de418e39,0.0
96cf1cb51d,0.0
9aa778354a,0.0
a940cc9247,0.0
7f7de0b415,0.0
1284d3acb7,0.0
906d30d990,0.0
036177f745,0.0
f7f69292aa,0.0
077b1aa8e3,0.0
e27ac127c3,0.0
fde6d07831,0.0
3e11a9821b,0.0
23f5ddb166,0.0
79618ee393,0.0
8a9d61a503,0.0
1789f24653,0.0
a5ad8747fb,0.0
b2801a9558,0.0
d9e50e2668,0.0
9dec37738f,0.0
4b78bda730,0.0
dbee37ed0e,0.0
4c7d1bf32c,0.0
54413bcd38,0.0
fa947f22f8,0.0
f1b6cf9a1b,0.0
cf5d6f349e,0.0
73bda3d2fe,0.0
ec3288cc4c,0.0
8b91cea466,0.0
f69d9e517f,0.0
c3c6b1a122,0.0
c6b399ae19,0.0
70e35d9722,0.0
052f6b8443,0.0
b62f019247,0.0
bc0f89826d,0.0
fb870cda12,0.0
7a8a24aa71,0.0
cb8cc77bbb,0.0
931a060542,0.0
0526dc88df,0.0
c334d99865,0.0
36bf3fb243,0.0
4462ab6163,0.0
9afee400f9,0.0
b0cea40feb,0.0
d39bad10ef,0.0
6a3e0b2abb,0.0
3576804112,0.0
dcc2250202,0.0
45c05cd0f0,0.0
543b0e6a17,0.0
e21c705603,0.0
898d78395a,0.0
f963eb5984,0.0
44e230ae85,0.0
31b3dcdb8c,0.0
0320e892e9,0.0
1b0238dbd3,0.0
065e2e5ae6,0.0
fad490647d,0.0
5f120161a1,0.0
0f8eed1b99,0.0
ea3aeafeb8,0.0
8906e9d43c,0.0
ebfb430dd0,0.0
1e5db76086,0.0
4a3364b90a,0.0
16e7b48086,0.0
7c1af10768,0.0
ecc2ad4f0c,0.0
b4dc4ae21e,0.0
75644d74b6,0.0
8e0d554ba4,0.0
1d498d9b82,0.0
1c48eee131,0.0
245492e42e,0.0
453770b2f6,0.0
fdde1e2d74,0.0
c55f8796b6,0.0
40e663e567,0.0
6060ef05a3,0.0
1b74f9c5e4,0.0
d0a0c72e73,0.0
c9bb890bfd,0.0
bbda98ad8b,0.0
c8a2fcb037,0.0
7f3933deec,0.0
02e49d7a99,0.0
7ecf77176b,0.0
668774b7cd,0.0
a5c0d47585,0.0
ae405586b5,0.0
28557da49e,0.0
28712b232e,0.0
c12cb3701e,0.0
b7080a0dde,0.0
572da45eab,0.0
1accc1e2d6,0.0
9524a47e07,0.0
5a6aaddd08,0.0
776636533e,0.0
82b7b9d29f,0.0
6666c7de67,0.0
2970aa7c98,0.0
cf94add194,0.0
fe86d751a3,0.0
55e9cdc4dc,0.0
cd2416944f,0.0
415d0ccb30,0.0
a69a209c19,0.0
a1664f1853,0.0
9a2c58210f,0.0
9d723e3518,0.0
7f1e92de5f,0.0
c354767794,0.0
131296ce6f,0.0
07343b96d1,0.0
394fc032ad,0.0
98f43f5b20,0.0
1ec88f583e,0.0
5b7bac8253,0.0
0d9a5cad80,0.0
2b001d787a,0.0
b4f01533bd,0.0
368f32fada,0.0
6a5f35e579,0.0
199dd1d242,0.0
3fed7f0163,0.0
69cd48b8d9,0.0
8a6748668d,0.0
98baeaa818,0.0
01fccadc68,0.0
caacfa9393,0.0
ddf6931c66,0.0
eb38eee3a4,0.0
33edab1f9f,0.0
25fa0a36dd,0.0
d4f3239a4d,0.0
4e411c53ea,0.0
f27c1df444,0.0
4cb31cca50,0.0
299fdb3fa2,0.0
4577d70e47,0.0
ce355b9467,0.0
a1e54b217e,0.0
3132795d70,0.0
86065de4c5,0.0
ec566d38c9,0.0
55c2ceb428,0.0
261e38ef3a,0.0
87524f8f8d,0.0
ff68b41515,0.0
9c78d526b3,0.0
f493cc3366,0.0
f13daec9b9,0.0
0854666d87,0.0
52e99d8e27,0.0
95dcbf935f,0.0
8717e66694,0.0
9e3088d83d,0.0
abed47d028,0.0
b50eda7268,0.0
b8627768ed,0.0
b0b9d00acf,0.0
6d0d0eb21f,0.0
2887ebe097,0.0
fb6ec1f963,0.0
1676a3afef,0.0
876d5b102a,0.0
a686c5d857,0.0
f1456d76a5,0.0
5fd98dc225,0.0
bea1525432,0.0
d15a5dbb62,0.0
0cdf93a13c,0.0
2511f9ec5c,0.0
b617840f63,0.0
1ffc86f659,0.0
ee49dbaaed,0.0
93de5cb492,0.0
9f501abb3d,0.0
10210bb30b,0.0
90cbe3b2e3,0.0
8c336775fa,0.0
8eb6175712,0.0
7f8fab4668,0.0
0c7fdb63b0,0.0
75521bb16e,0.0
5fc09ae3f0,0.0
2ba880967e,0.0
21e2e671a4,0.0
d2ddfc7ae8,0.0
b943b30fd4,0.0
948d475348,0.0
c65fb4ba9d,0.0
e9432a92d8,0.0
c9dd9cbf75,0.0
33001bbb32,0.0
86e881f817,0.0
87622773b7,0.0
3a51986010,0.0
190c15905f,0.0
1bde31a0db,0.0
f8d745861a,0.0
6955635b96,0.0
e2b53d2094,0.0
6412e82d31,0.0
dde98c4d8d,0.0
202e51e788,0.0
4ccbdc53bd,0.0
01ad3ecada,0.0
45bbd5642b,0.0
3c43628ae6,0.0
6f73bfe637,0.0
38756fea51,0.0
1a2e39ac03,0.0
ce71dd90ac,0.0
600fed1596,0.0
f04f90ef54,0.0
e648448865,0.0
0747132aa0,0.0
59635cd0ac,0.0
3c9cfe9e61,0.0
a8b8cc26bb,0.0
0681671e28,0.0
75de1673af,0.0
5b0b4adbde,0.0
ad99d06010,0.0
801df8654c,0.0
71800c178f,0.0
e76715fb16,0.0
05e5e12f08,0.0
9ec8b3cd47,0.0
16aa8144e4,0.0
16117a4d92,0.0
a9b3831aab,0.0
96b9e68e03,0.0
abd8a107e3,0.0
beb79a90e0,0.0
a470d4d906,0.0
7f97d266cf,0.0
e4ae78d9d7,0.0
515e24e3ba,0.0
dd59090d38,0.0
4dab093583,0.0
af774bd0f3,0.0
d3258c1599,0.0
4d7e73b6bf,0.0
0df4ef8e26,0.0
028135e67e,0.0
0113d79ab2,0.0
b96e4bc63a,0.0
aeb2bb79f7,0.0
f6dac2e8a7,0.0
e59abd32d8,0.0
d53014712c,0.0
c8606c4601,0.0
4cc2ca41c2,0.0
21012b07f3,0.0
23835831ce,0.0
61e2ac27b5,0.0
44b245705b,0.0
fa737ace92,0.0
23354415ef,0.0
8e8170b78e,0.0
bf9ba3e9fe,0.0
e6a8c440e9,0.0
ccf14ab62f,0.0
59b3fa9ee2,0.0
2450b85ecf,0.0
d19c7e5807,0.0
891e8d0b35,0.0
07f52b2f9b,0.0
8aa77c900b,0.0
b104aa43ad,0.0
2bdd87a2c7,0.0
3b97277028,0.0
54ea3278c4,0.0
523e000cb4,0.0
13459218b5,0.0
dcbe0f355e,0.0
42c3666c15,0.0
404dfc1560,0.0
cda417b967,0.0
cbafca8574,0.0
87a9b65c68,0.0
33a3fe0b73,0.0
c41271b508,0.0
ab33a0e09c,0.0
9a4622dc7f,0.0
8c490e8626,0.0
037e10da7f,0.0
c96a3bf9ad,0.0
024114a4f1,0.0
7765b8a091,0.0
a50290bd7b,0.0
5001ade39f,0.0
6b910ab28a,0.0
9d21c275a8,0.0
7abea0f61d,0.0
0258af9614,0.0
d6bf75941d,0.0
4bb67769a8,0.0
b0dd948b2b,0.0
000f885489,0.0
ca70545c64,0.0
550a4e483c,0.0
3feaee7370,0.0
795a13927a,0.0
e743272e62,0.0
8f47d59cf1,0.0
dcea125ac3,0.0
1d2dbd4414,0.0
c12919f3c1,0.0
c1dbec7ce4,0.0
1cf56fc0ca,0.0
41e937544e,0.0
3d7916d770,0.0
9e91a943d4,0.0
be2a173cce,0.0
d96d555f5f,0.0
d07399aedb,0.0
71cf3e3929,0.0
1871761904,0.0
dc68714df4,0.0
e3834bfbec,0.0
5c862252d7,0.0
da1a7b772d,0.0
d6a72b479b,0.0
0f41c003e5,0.0
932af7e707,0.0
83b626a8c2,0.0
141575abfc,0.0
e55b8620fa,0.0
0015cd0816,0.0
5a3f0f283d,0.0
2933be94a1,0.0
5a5a67481d,0.0
e6e36a7070,0.0
8b1e2c1085,0.0
32d0bcf15b,0.0
e371056576,0.0
cb2c4f203d,0.0
8fdb982a00,0.0
35046140d0,0.0
9489e8d0a4,0.0
d0a7c80392,0.0
1d20fade90,0.0
55a3932e2e,0.0
cdab6ad5d5,0.0
a3eae1917d,0.0
8c4e031347,0.0
635e92c0f9,0.0
c4625305bc,0.0
3b15466470,0.0
e3360d60f5,0.0
111324e9df,0.0
1e0602d8d6,0.0
a4d1628ac5,0.0
c88f44a940,0.0
350801c596,0.0
6482d296ba,0.0
76d0f1b5ad,0.0
992f5c06d7,0.0
550e97361e,0.0
609141d50b,0.0
6606b0a3db,0.0
eaa62cb1ca,0.0
92c0e7f3ea,0.0
691e2ed080,0.0
307de87b93,0.0
ca6356b22b,0.0
0f70349d8f,0.0
2e5da2edfa,0.0
92591f141f,0.0
9b0396c608,0.0
663332ea02,0.0
b95e14c199,0.0
931c1d9d56,0.0
6ef878680a,0.0
ccf3f7bffd,0.0
494023081d,0.0
f2e20ef998,0.0
1e319f3a09,0.0
6b48c9e805,0.0
7fe7b63a67,0.0
7d09f9c252,0.0
b4942226db,0.0
d66cdb537f,0.0
b5651e6ed6,0.0
ab15b3d164,0.0
ba2809bcdf,0.0
4574d8063d,0.0
6505822c63,0.0
cdd7549167,0.0
833a9ce924,0.0
caafc6cb74,0.0
070bd81831,0.0
f4755072e0,0.0
ba9596a959,0.0
eab9a2bc01,0.0
a3f92edb61,0.0
c2e867e3ad,0.0
1b06644875,0.0
5473821e90,0.0
3c5ef136cc,0.0
dca74da874,0.0
23baeaad3f,0.0
839982785a,0.0
6802f056e7,0.0
cfb968c22c,0.0
2c15730762,0.0
301504ea23,0.0
033b34db7a,0.0
f94b6bcce0,0.0
f25addfe3e,0.0
2dca47d7d2,0.0
65b88db0a5,0.0
1d42d06422,0.0
f4998ddab6,0.0
1ae88423a2,0.0
d9cb72688b,0.0
bb877ae5a5,0.0
66b5df25a9,0.0
5ca24a8fb2,0.0
5e60adfa2e,0.0
170463c085,0.0
864705e00b,0.0
1caf96f6e8,0.0
f17d96bd59,0.0
0a147386fa,0.0
f3de991fc5,0.0
f7520d410f,0.0
09bfc04d3f,0.0
ecaefd2b7c,0.0
ecb51b0f9e,0.0
f1f7c39f1c,0.0
d340626cb8,0.0
65586a822d,0.0
1cdd2e3882,0.0
176a1b7209,0.0
122dbb6d29,0.0
7f28d42ce2,0.0
052e422edb,0.0
18350aad49,0.0
162b4d4182,0.0
f1baab7fcc,0.0
2c6e0b05da,0.0
84046b03e8,0.0
c8154c5bd6,0.0
ca308e7971,0.0
3362af54b7,0.0
e04900598a,0.0
cedf78bd9a,0.0
b09e80423a,0.0
8f6493be1b,0.0
8517fbed6f,0.0
55213bd0eb,0.0
56dbc2bb49,0.0
14ee920425,0.0
d4028cb637,0.0
f4cc87df04,0.0
c76433ff2e,0.0
176c5e0fba,0.0
48b42643b4,0.0
11241eb7a2,0.0
93103324af,0.0
b067ac501c,0.0
8cbb5bc499,0.0
cd4b7b2307,0.0
a6a7ada654,0.0
4dd9244021,0.0
ccb08776a2,0.0
45c7784b9a,0.0
23dd2463e2,0.0
333be5b3d0,0.0
3a6c841f38,0.0
f1550e5ea4,0.0
b44242317d,0.0
1021947745,0.0
f2e9e25549,0.0
d9d30f8968,0.0
7592a4a2ee,0.0
8d4f1a4a80,0.0
1186ed8579,0.0
52508598fd,0.0
0fd3b38329,0.0
405a6bf06d,0.0
e7ec3fc6b6,0.0
4d00ff4907,0.0
2b2605bdca,0.0
a452d336e6,0.0
b11ecefa5f,0.0
8e33553dd7,0.0
76420ed184,0.0
75f28c9bd7,0.0
5bb9bdc49b,0.0
2b8c1ddad1,0.0
1c5b387a4c,0.0
3df50350ef,0.0
d01c0aca77,0.0
bd0e568b1f,0.0
df146ee1eb,0.0
ecd7e21980,0.0
523ad3e36b,0.0
2c0fd35966,0.0
3108f8292b,0.0
852f2880c6,0.0
0931e39d50,0.0
dad3f25db0,0.0
8d917e7597,0.0
bfa1b82023,0.0
8e02ef2ce1,0.0
b53f0b945e,0.0
fdf6698c4c,0.0
1b5e8153ed,0.0
4d3bcceca6,0.0
5a1d1c4676,0.0
22e1d8f504,0.0
44b3be9f38,0.0
3b9920fdad,0.0
05f2b291a8,0.0
c3d0018f6d,0.0
3cdb47242d,0.0
b33ed33e9d,0.0
75b181348b,0.0
4b11b5acc0,0.0
b0a19d2481,0.0
09f7d6f3ae,0.0
eed252da1b,0.0
fa2e407a75,0.0
3734b2813e,0.0
41f4809915,0.0
840da6bd81,0.0
b7135f220b,0.0
90d6b75890,0.0
008f725118,0.0
a182a2d3fe,0.0
a63a217663,0.0
7b95f0a2c0,0.0
180ec029e6,0.0
c5102d3081,0.0
8e6e2c6569,0.0
cd1fedd8c5,0.0
18f6200014,0.0
f2b9c2f76b,0.0
73ace34adf,0.0
89db7838d6,0.0
8fb081a453,0.0
346e3866e6,0.0
aa6531fc7b,0.0
6cdfbb861f,0.0
c75fe4beb0,0.0
e6c29bef89,0.0
4c05be0d0e,0.0
5cbc8dcbfc,0.0
111d96f92e,0.0
d595c89b99,0.0
9e74c63fc7,0.0
03c78fe09e,0.0
9e0638cf4b,0.0
38a7f3502f,0.0
655abfbac6,0.0
ae36f612c1,0.0
a830ce0656,0.0
cdea9f6144,0.0
63fc25a109,0.0
f8ec608def,0.0
ec85e3534e,0.0
2393f80d57,0.0
c53e1f2c3c,0.0
554695bfe1,0.0
4a453d029b,0.0
162c4d587f,0.0
04d8cca7e3,0.0
321ffc50b6,0.0
c9ec70d806,0.0
da9f4f8c49,0.0
e2e4b5b091,0.0
acdae0d09e,0.0
0bdd067f19,0.0
a35b9ccb99,0.0
4116030a4b,0.0
9a8acb3939,0.0
fdb4d0d67d,0.0
b277440aa7,0.0
3772b76c61,0.0
e88cac692a,0.0
b1a7e8dda4,0.0
44a9c2b06f,0.0
24aedfd514,0.0
8c3400c048,0.0
23e44f8342,0.0
c1569ead00,0.0
e1f6486b33,0.0
e25e67aa2f,0.0
8b32090a1b,0.0
af4fcd6bb8,0.0
145b2a7c9d,0.0
cc12dbf194,0.0
efb5c74e97,0.0
5a005e37e9,0.0
777e17b8fc,0.0
e6e0ecdb8d,0.0
1d4ebc0f5c,0.0
c271cde0ef,0.0
73429d7ad2,0.0
72f556ed77,0.0
5c648bbee8,0.0
6e7a18a192,0.0
96227e49e7,0.0
c289325d51,0.0
60320e8b73,0.0
d1445d8d7f,0.0
817a1dce5b,0.0
7561217656,0.0
d5899ecfd5,0.0
28ac4679fa,0.0
108c5c5f43,0.0
bc97c5006d,0.0
4aed77bf17,0.0
694b9a2c3a,0.0
e18bbe930d,0.0
12717e0471,0.0
c3c5695134,0.0
a28bba134c,0.0
657d325024,0.0
961cc12c50,0.0
f862bc4f72,0.0
03f431f44d,0.0
8a6ef0ac4c,0.0
0bce677184,0.0
cbbe53c047,0.0
c641ff5c43,0.0
2053f4ce3c,0.0
e13123460c,0.0
95365e8666,0.0
0a1a1c3e6a,0.0
d69072b4b4,0.0
7f5b709a15,0.0
15a6e3f6e1,0.0
4372916256,0.0
4ac0500e35,0.0
b87a5b2f11,0.0
d06a093892,0.0
1f924bedd2,0.0
eb940b5107,0.0
b396a717b7,0.0
5d0a498954,0.0
79ddd6c36a,0.0
074be7877d,0.0
9ec801195d,0.0
beefd40464,0.0
887b1ea820,0.0
6252105772,0.0
2b1cce1f0a,0.0
6ec3fabbd3,0.0
b18d84c2af,0.0
caa4726b79,0.0
863448f08d,0.0
c01ac0d6fe,0.0
376782a94e,0.0
e141a89bf5,0.0
ecc8859565,0.0
b97b73ff17,0.0
0c7cbe3d9c,0.0
c449d932c2,0.0
28dd946221,0.0
94c0ee2310,0.0
b45a6e247e,0.0
0c42d7a0a9,0.0
571f3fab04,0.0
ec6e400d50,0.0
5a97a74ebe,0.0
febb831809,0.0
87fe8fcc6f,0.0
358047ad18,0.0
c7e8045774,0.0
e13fb014af,0.0
7ef557872e,0.0
c3082ada82,0.0
82d6b4b82b,0.0
8754a5eac5,0.0
01805a4474,0.0
d86ba54c5f,0.0
4f06e0b1d4,0.0
5acffd59de,0.0
60b8b65514,0.0
e8a4848fa3,0.0
53af67a8c4,0.0
404115a919,0.0
cd9b9e2c0c,0.0
d00159370a,0.0
18ece71b37,0.0
464f932bae,0.0
b0c9a09430,0.0
d23c0b1ca9,0.0
5d7ed54033,0.0
ecf863e27c,0.0
01080521e8,0.0
7e6560e89a,0.0
7880a56f58,0.0
0ccc4fbd16,0.0
9e259bfa37,0.0
52be38a047,0.0
615212bf4b,0.0
5130eb1a9e,0.0
c8e65c470d,0.0
3b90b5e129,0.0
8d9f662dd5,0.0
492b304a03,0.0
47eb009394,0.0
6e0e4e03db,0.0
2237d78634,0.0
0942cb35c3,0.0
5786682d77,0.0
80d2ca48e3,0.0
683de7c27f,0.0
4beb205c26,0.0
67c8f77fe8,0.0
4d5215488c,0.0
785f4ee3d4,0.0
8d90079615,0.0
89d3d6c688,0.0
c2c54fcafa,0.0
54aedeae83,0.0
e6f846e517,0.0
e9d2f2e5c0,0.0
ff64179e31,0.0
146fd50f69,0.0
3017890fc3,0.0
baa9ab44bd,0.0
e0f82026d6,0.0
9d2d5ffec2,0.0
e44baf2c8c,0.0
621c970acd,0.0
32fd075fe1,0.0
af0301de2c,0.0
f2140d2d84,0.0
0d74ff9111,0.0
d1f87efd03,0.0
bce0acad78,0.0
eb6713d643,0.0
a8f1e3700a,0.0
c4789ae8c9,0.0
affcac5893,0.0
9ba4a9cfc7,0.0
1cf8c0811f,0.0
4962c2f8a2,0.0
71de12da53,0.0
4ce685bfbf,0.0
b0fb24a0ff,0.0
f9704876de,0.0
b45a4f1646,0.0
c2ed94ddb1,0.0
44700b301f,0.0
7a4d5f445b,0.0
0a85c59702,0.0
ab6fe9314b,0.0
d00ee732ee,0.0
db447d0e3d,0.0
6e18e5f1df,0.0
1a3b5c2e13,0.0
48cdbb0792,0.0
19408e2b22,0.0
4d5f9aeb12,0.0
15d931b215,0.0
df2e0a9fd8,0.0
fceadb71bb,0.0
4ae4b2ca95,0.0
7716df2356,0.0
fcbb15e05f,0.0
ecd51f116e,0.0
b5915d47b6,0.0
66c55914f9,0.0
6cfdc4b505,0.0
57f5f7d979,0.0
bfe988c4f0,0.0
1dc85992da,0.0
59498d1c15,0.0
0f253a8617,0.0
573e61c76d,0.0
53363744ee,0.0
3e0184c1f7,0.0
4db366c689,0.0
d86cb7ef23,0.0
aedc916bcb,0.0
ce3631f2dd,0.0
3daf3e5442,0.0
12983c70da,0.0
6df4c1dcc0,0.0
40035beff8,0.0
582f96e518,0.0
4fea67cdc8,0.0
adca0b51ef,0.0
0fad464655,0.0
c12985778e,0.0
f063fd7885,0.0
d20eb374bf,0.0
28f1727935,0.0
315bb2aeb3,0.0
92ae2303ff,0.0
d0e62e14ff,0.0
a41cfba199,0.0
73bbb77964,0.0
22028b67b0,0.0
7abf54e623,0.0
e8d32b5789,0.0
